timestamp,forcesensor_header.stamp.sec,forcesensor_header.stamp.nanosec,forcesensor_header.frame_id,forcesensor_x_axis,forcesensor_y_axis,forcesensor_z_axis,dg_state_header.stamp.sec,dg_state_header.stamp.nanosec,dg_state_header.frame_id,dg_state_n,dg_state_m,dg_state_gamma,dg_state_lin
2025-12-17 21:37:15.334503,1765978635,326993943,base_frame,-0.019902871921658516,0.011043151840567589,-0.05221277475357056,1765978635,333213188,,54.074036694551225,52.774049681423925,114.7481710909218,51.999944444444445
2025-12-17 21:37:15.355750,1765978635,346984380,base_frame,-0.019902871921658516,0.011043151840567589,-0.05221277475357056,1765978635,353683606,,54.074036694551225,52.774049681423925,114.7481710909218,51.999944444444445
2025-12-17 21:37:15.377012,1765978635,366995463,base_frame,-0.019254928454756737,0.011036613024771214,-0.0003026587364729494,1765978635,374162881,,54.074036694551225,52.774049681423925,114.7481710909218,51.999944444444445
2025-12-17 21:37:15.398207,1765978635,396994840,base_frame,-0.019902871921658516,0.011043151840567589,-0.05221277475357056,1765978635,394616362,,54.074036694551225,52.774049681423925,114.7481710909218,51.999944444444445
2025-12-17 21:37:15.419369,1765978635,416987954,base_frame,-0.019902871921658516,0.011043151840567589,-0.05221277475357056,1765978635,415001854,,54.0740233383831,52.77422450259959,114.74833531359894,52.0
2025-12-17 21:37:15.440365,1765978635,436992707,base_frame,-0.0011154395760968328,0.021894676610827446,-0.05285538733005524,1765978635,435362932,,54.0740233383831,52.77422450259959,114.74833531359894,52.0
2025-12-17 21:37:15.461361,1765978635,456991188,base_frame,-0.0011154395760968328,0.021894676610827446,-0.05285538733005524,1765978635,455789801,,54.0740099821974,52.77439932353726,114.7484995361203,52.000055555555555
2025-12-17 21:37:15.482333,1765978635,476990115,base_frame,0.01813664101064205,-0.0108093973249197,-0.05284123495221138,1765978635,476169752,,54.0740099821974,52.77439932353726,114.7484995361203,52.000055555555555
2025-12-17 21:37:15.503299,1765978635,496992692,base_frame,-0.000647944223601371,6.53901361147291e-06,-0.05191011726856232,1765978635,496580817,,54.0740099821974,52.77439932353726,114.7484995361203,52.000055555555555
2025-12-17 21:37:15.524302,1765978635,516998926,base_frame,0.018139488995075226,0.010858064517378807,-0.0525527261197567,1765978635,516945530,,54.073983269773294,52.77474896469859,114.74882798069572,52.000166666666665
2025-12-17 21:37:15.545341,1765978635,536991118,base_frame,-0.000647944223601371,6.53901361147291e-06,-0.05191011726856232,1765978635,537308734,,54.073983269773294,52.77474896469859,114.74882798069572,52.000166666666665
2025-12-17 21:37:15.566312,1765978635,556994968,base_frame,0.00028801578446291387,0.0008722049533389509,0.05307918041944504,1765978635,557717936,,54.07395655727892,52.77509860490809,114.74915642464816,52.000277777777775
2025-12-17 21:37:15.587347,1765978635,586989384,base_frame,-0.018966911360621452,0.011908818036317825,0.0527765229344368,1765978635,578087875,,54.07395655727892,52.77509860490809,114.74915642464816,52.000277777777775
2025-12-17 21:37:15.608320,1765978635,606983569,base_frame,-0.019449522718787193,0.012432325631380081,-0.05121337249875069,1765978635,598489882,,54.07395655727892,52.77509860490809,114.74915642464816,52.000277777777775
2025-12-17 21:37:15.629503,1765978635,626983490,base_frame,-0.019902871921658516,0.011043151840567589,-0.05221277475357056,1765978635,629096655,,54.073929844714264,52.7754482441658,114.74948486797766,52.000388888888885
2025-12-17 21:37:15.650444,1765978635,646982692,base_frame,-0.01925777457654476,-0.010630849748849869,-0.0005911662010475993,1765978635,649546991,,54.073929844714264,52.7754482441658,114.74948486797766,52.000388888888885
2025-12-17 21:37:15.671412,1765978635,666983290,base_frame,-0.019902871921658516,0.011043151840567589,-0.05221277475357056,1765978635,669892243,,54.073929844714264,52.7754482441658,114.74948486797766,52.000388888888885
2025-12-17 21:37:15.692314,1765978635,686992630,base_frame,-0.000647944223601371,6.53901361147291e-06,-0.05191011726856232,1765978635,690367938,,54.073929844714264,52.7754482441658,114.74948486797766,52.000388888888885
2025-12-17 21:37:15.713546,1765978635,707008752,base_frame,0.018139488995075226,0.010858064517378807,-0.0525527261197567,1765978635,710886043,,54.07391648840559,52.775623063437656,114.74964908940873,52.00044444444445
2025-12-17 21:37:15.734692,1765978635,727011665,base_frame,0.018139488995075226,0.010858064517378807,-0.0525527261197567,1765978635,731391139,,54.07391648840559,52.775623063437656,114.74964908940873,52.00044444444445
2025-12-17 21:37:15.755856,1765978635,747039645,base_frame,-0.00046749538159929216,0.021888138726353645,-0.0009452687227167189,1765978635,751908316,,54.07391648840559,52.775623063437656,114.74964908940873,52.00044444444445
2025-12-17 21:37:15.776961,1765978635,767039344,base_frame,-0.00017947961168829352,0.022760342806577682,0.05213391035795212,1765978635,772485686,,54.07391648840559,52.775623063437656,114.74964908940873,52.00044444444445
2025-12-17 21:37:15.798230,1765978635,797043854,base_frame,-0.0006507908110506833,-0.021660923957824707,-0.052198626101017,1765978635,793055737,,54.07391648840559,52.775623063437656,114.74964908940873,52.00044444444445
2025-12-17 21:37:15.819417,1765978635,817009675,base_frame,-0.000647944223601371,6.53901361147291e-06,-0.05191011726856232,1765978635,813612301,,54.07391648840559,52.775623063437656,114.74964908940873,52.00044444444445
2025-12-17 21:37:15.840584,1765978635,837034725,base_frame,0.0,0.0,0.0,1765978635,834160898,,54.07391648840559,52.775623063437656,114.74964908940873,52.00044444444445
2025-12-17 21:37:15.861716,1765978635,856996001,base_frame,0.0,0.0,0.0,1765978635,854762385,,54.07391648840559,52.775623063437656,114.74964908940873,52.00044444444445
2025-12-17 21:37:15.882932,1765978635,877041399,base_frame,-0.01925777457654476,-0.010630849748849869,-0.0005911662010475993,1765978635,875294492,,54.07391648840559,52.775623063437656,114.74964908940873,52.00044444444445
2025-12-17 21:37:15.904107,1765978635,897043799,base_frame,-0.01925777457654476,-0.010630849748849869,-0.0005911662010475993,1765978635,895835498,,54.07391648840559,52.775623063437656,114.74964908940873,52.00044444444445
2025-12-17 21:37:15.925239,1765978635,917005274,base_frame,-0.01925777457654476,-0.010630849748849869,-0.0005911662010475993,1765978635,916370460,,54.07391648840559,52.775623063437656,114.74964908940873,52.00044444444445
2025-12-17 21:37:15.946425,1765978635,937029293,base_frame,-0.018966911360621452,0.011908818036317825,0.0527765229344368,1765978635,936937372,,54.07391648840559,52.775623063437656,114.74964908940873,52.00044444444445
2025-12-17 21:37:15.967996,1765978635,967033775,base_frame,-0.01961485669016838,0.0119153568521142,0.0008664038614369929,1765978635,967655686,,54.07391648840559,52.775623063437656,114.74964908940873,52.00044444444445
2025-12-17 21:37:15.989184,1765978635,987025565,base_frame,-0.0003599284391384572,0.0008787439437583089,0.0011690625688061118,1765978635,988091481,,54.07391648840559,52.775623063437656,114.74964908940873,52.00044444444445
2025-12-17 21:37:16.010248,1765978636,7023686,base_frame,0.0002851691679097712,-0.02079525776207447,0.052790671586990356,1765978636,8543992,,54.07391648840559,52.775623063437656,114.74964908940873,52.00044444444445
2025-12-17 21:37:16.031552,1765978636,27020809,base_frame,0.01907544769346714,0.011723730713129044,0.052436571568250656,1765978636,28975948,,54.07391648840559,52.775623063437656,114.74964908940873,52.00044444444445
2025-12-17 21:37:16.052683,1765978636,46993445,base_frame,0.00028801578446291387,0.0008722049533389509,0.05307918041944504,1765978636,49437321,,54.07391648840559,52.775623063437656,114.74964908940873,52.00044444444445
2025-12-17 21:37:16.073747,1765978636,67023431,base_frame,0.0,0.0,0.0,1765978636,69820550,,54.07391648840559,52.775623063437656,114.74964908940873,52.00044444444445
2025-12-17 21:37:16.094778,1765978636,87024093,base_frame,-0.019254928454756737,0.011036613024771214,-0.0003026587364729494,1765978636,90226795,,54.07391648840559,52.775623063437656,114.74964908940873,52.00044444444445
2025-12-17 21:37:16.115948,1765978636,106990161,base_frame,-0.019254928454756737,0.011036613024771214,-0.0003026587364729494,1765978636,110600472,,54.07391648840559,52.775623063437656,114.74964908940873,52.00044444444445
2025-12-17 21:37:16.137032,1765978636,126991627,base_frame,-0.01925777457654476,-0.010630849748849869,-0.0005911662010475993,1765978636,130982140,,54.07391648840559,52.775623063437656,114.74964908940873,52.00044444444445
2025-12-17 21:37:16.158041,1765978636,156996264,base_frame,-0.01990571804344654,-0.010624310933053493,-0.05250128358602524,1765978636,151385060,,54.07391648840559,52.775623063437656,114.74964908940873,52.00044444444445
2025-12-17 21:37:16.179177,1765978636,176993112,base_frame,-0.019902871921658516,0.011043151840567589,-0.05221277475357056,1765978636,171837708,,54.07391648840559,52.775623063437656,114.74964908940873,52.00044444444445
2025-12-17 21:37:16.200309,1765978636,196991037,base_frame,-0.01925777457654476,-0.010630849748849869,-0.0005911662010475993,1765978636,192244495,,54.07391648840559,52.775623063437656,114.74964908940873,52.00044444444445
2025-12-17 21:37:16.221272,1765978636,217023105,base_frame,-0.019254928454756737,0.011036613024771214,-0.0003026587364729494,1765978636,213536553,,54.07391648840559,52.775623063437656,114.74964908940873,52.00044444444445
2025-12-17 21:37:16.242457,1765978636,236992072,base_frame,-0.000647944223601371,6.53901361147291e-06,-0.05191011726856232,1765978636,233986397,,54.07391648840559,52.775623063437656,114.74964908940873,52.00044444444445
2025-12-17 21:37:16.263447,1765978636,256993228,base_frame,0.0,0.0,0.0,1765978636,254397294,,54.07391648840559,52.775623063437656,114.74964908940873,52.00044444444445
2025-12-17 21:37:16.284536,1765978636,277018383,base_frame,-0.018787432461977005,-0.010851525701582432,0.0006426100153476,1765978636,274786160,,54.07391648840559,52.775623063437656,114.74964908940873,52.00044444444445
2025-12-17 21:37:16.305484,1765978636,296989634,base_frame,0.0,0.0,0.0,1765978636,295196226,,54.07391648840559,52.775623063437656,114.74964908940873,52.00044444444445
2025-12-17 21:37:16.326429,1765978636,316994898,base_frame,-0.000647944223601371,6.53901361147291e-06,-0.05191011726856232,1765978636,325879696,,54.07391648840559,52.775623063437656,114.74964908940873,52.00044444444445
2025-12-17 21:37:16.347593,1765978636,346987949,base_frame,0.018139488995075226,0.010858064517378807,-0.0525527261197567,1765978636,346345046,,54.07391648840559,52.775623063437656,114.74964908940873,52.00044444444445
2025-12-17 21:37:16.368688,1765978636,366988751,base_frame,0.018139488995075226,0.010858064517378807,-0.0525527261197567,1765978636,366774291,,,,,-25457.13172222222
2025-12-17 21:37:16.389722,1765978636,386986926,base_frame,-0.000647944223601371,6.53901361147291e-06,-0.05191011726856232,1765978636,387129779,,,,,-25457.13172222222
2025-12-17 21:37:16.410703,1765978636,406986562,base_frame,0.0001653330255066976,0.0005169687210582197,-0.05207977816462517,1765978636,407548031,,54.108636813039666,52.31958905987818,114.32148765896588,51.855777777777774
2025-12-17 21:37:16.431677,1765978636,426987273,base_frame,0.0001653330255066976,0.0005169687210582197,-0.05207977816462517,1765978636,427898581,,54.108636813039666,52.31958905987818,114.32148765896588,51.855777777777774
2025-12-17 21:37:16.452649,1765978636,446992538,base_frame,0.0001653330255066976,0.0005169687210582197,-0.05207977816462517,1765978636,448278626,,54.108636813039666,52.31958905987818,114.32148765896588,51.855777777777774
2025-12-17 21:37:16.473611,1765978636,466990229,base_frame,-0.00019459541363175958,0.0013957127230241895,-0.05091071501374245,1765978636,468665596,,54.151313376220145,51.754695210774806,113.791727594902,51.677277777777775
2025-12-17 21:37:16.494575,1765978636,486986756,base_frame,0.0001653330255066976,0.0005169687210582197,-0.05207977816462517,1765978636,489041835,,54.151313376220145,51.754695210774806,113.791727594902,51.677277777777775
2025-12-17 21:37:16.515498,1765978636,506990190,base_frame,-0.019254928454756737,0.011036613024771214,-0.0003026587364729494,1765978636,509440340,,54.211281651759435,50.95273439097612,113.04072590204677,51.42516666666666
2025-12-17 21:37:16.536406,1765978636,526989663,base_frame,-0.019252080470323563,0.03270407393574715,-1.4151285540719982e-05,1765978636,529823403,,54.211281651759435,50.95273439097612,113.04072590204677,51.42516666666666
2025-12-17 21:37:16.557515,1765978636,556986519,base_frame,-0.05882439389824867,-0.01275300607085228,-0.3141549825668335,1765978636,550233308,,54.211281651759435,50.95273439097612,113.04072590204677,51.42516666666666
2025-12-17 21:37:16.578466,1765978636,576990229,base_frame,-0.2333584725856781,-0.049724627286195755,-0.9983678460121155,1765978636,570584549,,54.27661220967901,50.068084304684255,112.21363684273618,51.148777777777774
2025-12-17 21:37:16.599407,1765978636,596988028,base_frame,-0.5242088437080383,-0.08683183044195175,-2.0476090908050537,1765978636,590926675,,54.27661220967901,50.068084304684255,112.21363684273618,51.148777777777774
2025-12-17 21:37:16.620312,1765978636,617041267,base_frame,-0.8537466526031494,-0.10207995027303696,-3.148132085800171,1765978636,611318016,,54.341525791107074,49.177629792475905,111.38240013955897,50.87233333333333
2025-12-17 21:37:16.641701,1765978636,637038808,base_frame,-1.1447736024856567,-0.09475936740636826,-4.144950866699219,1765978636,631892234,,54.341525791107074,49.177629792475905,111.38240013955897,50.87233333333333
2025-12-17 21:37:16.662951,1765978636,657002880,base_frame,-1.4355276823043823,-0.10793119668960571,-5.19173526763916,1765978636,652473038,,54.341525791107074,49.177629792475905,111.38240013955897,50.87233333333333
2025-12-17 21:37:16.684280,1765978636,676996909,base_frame,-1.7250407934188843,-0.12097502499818802,-6.080216884613037,1765978636,683469370,,54.40660488907165,48.27333521035398,110.53940019897041,50.59333333333333
2025-12-17 21:37:16.705465,1765978636,697011610,base_frame,-1.9964172840118408,-0.14482824504375458,-7.021539211273193,1765978636,704050199,,54.40660488907165,48.27333521035398,110.53940019897041,50.59333333333333
2025-12-17 21:37:16.726610,1765978636,717010418,base_frame,-2.285177707672119,-0.2005554437637329,-7.856285095214844,1765978636,724677249,,54.47076146537043,47.37041415882285,109.69868588310322,50.31644444444444
2025-12-17 21:37:16.747771,1765978636,747013052,base_frame,-2.6914634704589844,-0.23679150640964508,-9.111083030700684,1765978636,745307136,,54.47076146537043,47.37041415882285,109.69868588310322,50.31644444444444
2025-12-17 21:37:16.769479,1765978636,767042599,base_frame,-3.00089430809021,-0.2601567804813385,-10.154821395874023,1765978636,765888460,,54.53602027429233,46.44021774180476,108.83345992535516,50.03288888888889
2025-12-17 21:37:16.790671,1765978636,787040386,base_frame,-3.329580545425415,-0.2724854648113251,-11.19886302947998,1765978636,786465829,,54.53602027429233,46.44021774180476,108.83345992535516,50.03288888888889
2025-12-17 21:37:16.811790,1765978636,807000871,base_frame,-3.6186583042144775,-0.3271721601486206,-12.189678192138672,1765978636,807056748,,54.59963066079774,45.52200317344388,107.98009445356979,49.75461111111111
2025-12-17 21:37:16.833537,1765978636,827023109,base_frame,-3.926865339279175,-0.34879955649375916,-13.075347900390625,1765978636,827574052,,54.59963066079774,45.52200317344388,107.98009445356979,49.75461111111111
2025-12-17 21:37:16.854721,1765978636,847039328,base_frame,-4.196387767791748,-0.41395363211631775,-13.910025596618652,1765978636,848053863,,54.59963066079774,45.52200317344388,107.98009445356979,49.75461111111111
2025-12-17 21:37:16.875925,1765978636,867004556,base_frame,-4.390177249908447,-0.41359663009643555,-14.743348121643066,1765978636,868546130,,54.66251115074714,44.60306223261875,107.12660125276102,49.477666666666664
2025-12-17 21:37:16.897011,1765978636,887031874,base_frame,-4.583985805511475,-0.43329715728759766,-15.577193260192871,1765978636,889076554,,54.66251115074714,44.60306223261875,107.12660125276102,49.477666666666664
2025-12-17 21:37:16.918429,1765978636,917029339,base_frame,-4.931626796722412,-0.47628459334373474,-16.931787490844727,1765978636,909567000,,54.726529736387036,43.655899031769906,106.24729609451626,49.193777777777775
2025-12-17 21:37:16.939605,1765978636,937004459,base_frame,-5.143576145172119,-0.5514851212501526,-17.816179275512695,1765978636,930095586,,54.726529736387036,43.655899031769906,106.24729609451626,49.193777777777775
2025-12-17 21:37:16.960736,1765978636,956991587,base_frame,-5.41374397277832,-0.5949652791023254,-18.702476501464844,1765978636,950605562,,54.726529736387036,43.655899031769906,106.24729609451626,49.193777777777775
2025-12-17 21:37:16.981879,1765978636,977019039,base_frame,-5.664187908172607,-0.6267279982566833,-19.48442840576172,1765978636,981252376,,54.78886587346573,42.7223120318978,105.38081968830625,48.91544444444445
2025-12-17 21:37:17.002919,1765978636,996992496,base_frame,-5.934352874755859,-0.6485404372215271,-20.370439529418945,1765978637,1677014,,54.78886587346573,42.7223120318978,105.38081968830625,48.91544444444445
2025-12-17 21:37:17.023982,1765978637,16991075,base_frame,-6.243498802185059,-0.692700982093811,-21.361387252807617,1765978637,22096353,,54.85053176374348,41.78770638542725,104.51344916362652,48.638222222222225
2025-12-17 21:37:17.044947,1765978637,37020480,base_frame,-6.533086776733398,-0.7256613969802856,-22.19590950012207,1765978637,42515446,,54.85053176374348,41.78770638542725,104.51344916362652,48.638222222222225
2025-12-17 21:37:17.065906,1765978637,56991091,base_frame,-6.860732078552246,-0.7798011898994446,-23.133134841918945,1765978637,62928505,,54.91182744347613,40.847750007618465,103.6409903468716,48.36077777777778
2025-12-17 21:37:17.086879,1765978637,77019192,base_frame,-7.149972438812256,-0.8133374452590942,-24.071582794189453,1765978637,83327220,,54.91182744347613,40.847750007618465,103.6409903468716,48.36077777777778
2025-12-17 21:37:17.107824,1765978637,106987792,base_frame,-7.728060245513916,-0.8799498677253723,-25.427488327026367,1765978637,103702794,,54.91182744347613,40.847750007618465,103.6409903468716,48.36077777777778
2025-12-17 21:37:17.128796,1765978637,126992321,base_frame,-8.113578796386719,-0.9246123433113098,-26.470834732055664,1765978637,124098604,,54.97288693926762,39.900493217629524,102.76145259955578,48.082499999999996
2025-12-17 21:37:17.149797,1765978637,147019168,base_frame,-8.460643768310547,-0.9682326912879944,-27.356285095214844,1765978637,144507229,,54.97288693926762,39.900493217629524,102.76145259955578,48.082499999999996
2025-12-17 21:37:17.170732,1765978637,167020227,base_frame,-8.76901626586914,-0.990376889705658,-28.18987464904785,1765978637,164900432,,55.034479949631475,38.933864363175225,101.86342637013914,47.79983333333333
2025-12-17 21:37:17.191660,1765978637,187018802,base_frame,-9.11637020111084,-1.0348695516586304,-29.128402709960938,1765978637,185290417,,55.034479949631475,38.933864363175225,101.86342637013914,47.79983333333333
2025-12-17 21:37:17.212564,1765978637,206991141,base_frame,-9.50223445892334,-1.057288646697998,-30.067537307739258,1765978637,205657672,,55.034479949631475,38.933864363175225,101.86342637013914,47.79983333333333
2025-12-17 21:37:17.233533,1765978637,227018274,base_frame,-9.906417846679688,-1.1124475002288818,-31.005083084106445,1765978637,226067917,,55.09470718170213,37.977851860321806,100.97457555376144,47.5215
2025-12-17 21:37:17.254466,1765978637,246991535,base_frame,-10.292749404907227,-1.1576205492019653,-32.04825973510742,1765978637,246460144,,55.09470718170213,37.977851860321806,100.97457555376144,47.5215
2025-12-17 21:37:17.275407,1765978637,266990222,base_frame,-10.698213577270508,-1.1914018392562866,-32.9865837097168,1765978637,266857593,,55.15463646740028,37.0159174553099,100.07933577050542,47.24261111111111
2025-12-17 21:37:17.296343,1765978637,287020479,base_frame,-11.083142280578613,-1.2575973272323608,-33.923824310302734,1765978637,287289475,,55.15463646740028,37.0159174553099,100.07933577050542,47.24261111111111
2025-12-17 21:37:17.317310,1765978637,316999487,base_frame,-11.680659294128418,-1.291719675064087,-35.330421447753906,1765978637,307713832,,55.21359328376985,36.05919961296928,99.18787852678199,46.96633333333333
2025-12-17 21:37:17.338438,1765978637,337020199,base_frame,-12.047913551330566,-1.3035014867782593,-36.32087326049805,1765978637,328124909,,55.21359328376985,36.05919961296928,99.18787852678199,46.96633333333333
2025-12-17 21:37:17.359516,1765978637,357021511,base_frame,-12.39562702178955,-1.347115159034729,-37.25823211669922,1765978637,358718813,,55.27372569042743,35.07276981060163,98.26740901075658,46.68255555555555
2025-12-17 21:37:17.380465,1765978637,376991209,base_frame,-12.722620964050293,-1.379594326019287,-38.14326095581055,1765978637,379140499,,55.27372569042743,35.07276981060163,98.26740901075658,46.68255555555555
2025-12-17 21:37:17.401557,1765978637,396993057,base_frame,-13.050609588623047,-1.4344652891159058,-39.07908248901367,1765978637,399629434,,55.27372569042743,35.07276981060163,98.26740901075658,46.68255555555555
2025-12-17 21:37:17.422624,1765978637,417015724,base_frame,-13.49489974975586,-1.4681071043014526,-40.27688980102539,1765978637,420045762,,55.332182668584466,34.10352111944076,97.36145058493582,46.40472222222222
2025-12-17 21:37:17.443561,1765978637,436990122,base_frame,-13.91963005065918,-1.4905486106872559,-41.31827163696289,1765978637,440464266,,55.332182668584466,34.10352111944076,97.36145058493582,46.40472222222222
2025-12-17 21:37:17.464544,1765978637,457016696,base_frame,-14.304855346679688,-1.4910043478012085,-42.307960510253906,1765978637,460869945,,55.39005606286545,33.13394432431801,96.45346518102767,46.12772222222222
2025-12-17 21:37:17.485625,1765978637,476991358,base_frame,-14.671998977661133,-1.5021281242370605,-43.29601287841797,1765978637,481308542,,55.39005606286545,33.13394432431801,96.45346518102767,46.12772222222222
2025-12-17 21:37:17.506597,1765978637,496990651,base_frame,-15.076827049255371,-1.53561270236969,-44.285179138183594,1765978637,501678806,,55.39005606286545,33.13394432431801,96.45346518102767,46.12772222222222
2025-12-17 21:37:17.527526,1765978637,526989345,base_frame,-15.82878303527832,-1.526674509048462,-45.74140930175781,1765978637,522045515,,55.448108814530585,32.151373759780924,95.53133599865217,45.84788888888889
2025-12-17 21:37:17.548521,1765978637,546991211,base_frame,-16.31096076965332,-1.5400214195251465,-46.730438232421875,1765978637,542460183,,55.448108814530585,32.151373759780924,95.53133599865217,45.84788888888889
2025-12-17 21:37:17.569455,1765978637,566989904,base_frame,-16.696712493896484,-1.5617822408676147,-47.66716766357422,1765978637,562861761,,55.50638665454339,31.15495296707663,94.59394433107425,45.56494444444444
2025-12-17 21:37:17.590391,1765978637,586991112,base_frame,-17.160120010375977,-1.6073096990585327,-48.76017379760742,1765978637,583257807,,55.50638665454339,31.15495296707663,94.59394433107425,45.56494444444444
2025-12-17 21:37:17.611320,1765978637,606990904,base_frame,-17.565759658813477,-1.6196377277374268,-49.74888229370117,1765978637,603657626,,55.50638665454339,31.15495296707663,94.59394433107425,45.56494444444444
2025-12-17 21:37:17.632264,1765978637,626990623,base_frame,-18.02788543701172,-1.641900897026062,-50.738014221191406,1765978637,624054255,,55.56282820174839,30.18037100680359,93.67465881366348,45.288944444444446
2025-12-17 21:37:17.653198,1765978637,646990899,base_frame,-18.51070785522461,-1.633573293685913,-51.778663635253906,1765978637,644456331,,55.56282820174839,30.18037100680359,93.67465881366348,45.288944444444446
2025-12-17 21:37:17.674133,1765978637,666990994,base_frame,-18.914775848388672,-1.6664069890975952,-52.71351623535156,1765978637,664858052,,55.619611905160845,29.19043345547939,92.7381768007001,45.00927777777778
2025-12-17 21:37:17.695061,1765978637,686991108,base_frame,-19.41673469543457,-1.668355107307434,-53.649600982666016,1765978637,685252409,,55.619611905160845,29.19043345547939,92.7381768007001,45.00927777777778
2025-12-17 21:37:17.716398,1765978637,706989327,base_frame,-19.8790225982666,-1.6694682836532593,-54.586360931396484,1765978637,715846989,,55.675261179489056,28.211131794262656,91.80882058876921,44.733222222222224
2025-12-17 21:37:17.737429,1765978637,736991099,base_frame,-20.515867233276367,-1.7483371496200562,-56.09678268432617,1765978637,736253795,,55.675261179489056,28.211131794262656,91.80882058876921,44.733222222222224
2025-12-17 21:37:17.758413,1765978637,756993388,base_frame,-20.959552764892578,-1.7821472883224487,-57.0854377746582,1765978637,756670412,,55.675261179489056,28.211131794262656,91.80882058876921,44.733222222222224
2025-12-17 21:37:17.779470,1765978637,776994033,base_frame,-21.36419677734375,-1.7720832824707031,-58.023353576660156,1765978637,777070410,,55.731055904979506,27.220250940923954,90.8652455482887,44.45444444444444
2025-12-17 21:37:17.800409,1765978637,796987229,base_frame,-21.750762939453125,-1.7943544387817383,-58.95991134643555,1765978637,797469035,,55.731055904979506,27.220250940923954,90.8652455482887,44.45444444444444
2025-12-17 21:37:17.821343,1765978637,816989214,base_frame,-22.15575408935547,-1.8066891431808472,-59.89671325683594,1765978637,817876174,,55.78776621939616,26.203935325422414,89.89379349514309,44.169
2025-12-17 21:37:17.842286,1765978637,836988608,base_frame,-22.541440963745117,-1.8735363483428955,-60.888267517089844,1765978637,838272913,,55.78776621939616,26.203935325422414,89.89379349514309,44.169
2025-12-17 21:37:17.863218,1765978637,856985855,base_frame,-22.985233306884766,-1.8863370418548584,-61.8790397644043,1765978637,858681550,,55.78776621939616,26.203935325422414,89.89379349514309,44.169
2025-12-17 21:37:17.884148,1765978637,876988336,base_frame,-23.35137176513672,-1.9200135469436646,-62.8166389465332,1765978637,879079506,,55.842384125115984,25.216464887446982,88.94608359658187,43.89205555555556
2025-12-17 21:37:17.905103,1765978637,896985889,base_frame,-23.794227600097656,-1.9319486618041992,-63.702423095703125,1765978637,899477271,,55.842384125115984,25.216464887446982,88.94608359658187,43.89205555555556
2025-12-17 21:37:17.926032,1765978637,916994448,base_frame,-24.218769073486328,-1.9991213083267212,-64.69346618652344,1765978637,920209739,,55.8963563667016,24.23242761820044,87.99762670143173,43.616388888888885
2025-12-17 21:37:17.946958,1765978637,937019261,base_frame,-24.566299438476562,-2.0438272953033447,-65.68267059326172,1765978637,940621582,,55.8963563667016,24.23242761820044,87.99762670143173,43.616388888888885
2025-12-17 21:37:17.967957,1765978637,966990365,base_frame,-25.00996971130371,-2.053896188735962,-66.93126678466797,1765978637,961020871,,55.94996926749782,23.246944252734252,87.04343696267443,43.340555555555554
2025-12-17 21:37:17.988911,1765978637,986995303,base_frame,-25.319154739379883,-2.0765507221221924,-67.76469421386719,1765978637,981460757,,55.94996926749782,23.246944252734252,87.04343696267443,43.340555555555554
2025-12-17 21:37:18.009967,1765978638,7018756,base_frame,-25.58965301513672,-2.1210644245147705,-68.54682922363281,1765978638,1874316,,55.94996926749782,23.246944252734252,87.04343696267443,43.340555555555554
2025-12-17 21:37:18.031035,1765978638,26991064,base_frame,-25.8598575592041,-2.121371269226074,-69.27531433105469,1765978638,22297564,,55.99884308229551,22.341733585930797,86.16288163225019,43.08733333333333
2025-12-17 21:37:18.051950,1765978638,46990821,base_frame,-26.10922622680664,-2.1535232067108154,-69.84688568115234,1765978638,42668089,,55.99884308229551,22.341733585930797,86.16288163225019,43.08733333333333
2025-12-17 21:37:18.072895,1765978638,67000827,base_frame,-26.361772537231445,-2.1424484252929688,-70.7319107055664,1765978638,63035535,,56.04268446790891,21.524271791946717,85.36410831985353,42.85872222222222
2025-12-17 21:37:18.094080,1765978638,86990610,base_frame,-26.613359451293945,-2.154088258743286,-71.40924835205078,1765978638,93657673,,56.04268446790891,21.524271791946717,85.36410831985353,42.85872222222222
2025-12-17 21:37:18.115039,1765978638,106990151,base_frame,-26.825336456298828,-2.208085536956787,-72.03335571289062,1765978638,114024278,,56.080576851526764,20.813643772066214,84.6668155831571,42.66
2025-12-17 21:37:18.135973,1765978638,127002944,base_frame,-26.979522705078125,-2.164184093475342,-72.44954681396484,1765978638,134426647,,56.080576851526764,20.813643772066214,84.6668155831571,42.66
2025-12-17 21:37:18.156977,1765978638,146995725,base_frame,-27.154253005981445,-2.1758456230163574,-72.97048950195312,1765978638,154829002,,56.080576851526764,20.813643772066214,84.6668155831571,42.66
2025-12-17 21:37:18.177925,1765978638,177003982,base_frame,-27.405725479125977,-2.1651599407196045,-73.64513397216797,1765978638,175222283,,56.112148895621644,20.21869560633108,84.08085116001965,42.493611111111115
2025-12-17 21:37:18.198856,1765978638,196999169,base_frame,-27.561370849609375,-2.1000945568084717,-74.11277770996094,1765978638,195620835,,56.112148895621644,20.21869560633108,84.08085116001965,42.493611111111115
2025-12-17 21:37:18.219831,1765978638,216971390,base_frame,-27.69570541381836,-2.1107330322265625,-74.3200912475586,1765978638,216012212,,56.13841580777495,19.721772139977574,83.58984760992283,42.35461111111111
2025-12-17 21:37:18.240773,1765978638,237027857,base_frame,-27.810962677001953,-2.1096482276916504,-74.4749755859375,1765978638,236406859,,56.13841580777495,19.721772139977574,83.58984760992283,42.35461111111111
2025-12-17 21:37:18.261699,1765978638,257022749,base_frame,-27.965003967285156,-2.110638380050659,-74.68359375,1765978638,256799214,,56.13841580777495,19.721772139977574,83.58984760992283,42.35461111111111
2025-12-17 21:37:18.282601,1765978638,277028170,base_frame,-28.13831329345703,-2.1002907752990723,-74.99526977539062,1765978638,277209826,,56.158704532801224,19.33675107988396,83.2083904613728,42.24688888888889
2025-12-17 21:37:18.303527,1765978638,296998277,base_frame,-28.254669189453125,-2.1005873680114746,-75.20305633544922,1765978638,297611501,,56.158704532801224,19.33675107988396,83.2083904613728,42.24688888888889
2025-12-17 21:37:18.324448,1765978638,317019328,base_frame,-28.351247787475586,-2.090615749359131,-75.46350860595703,1765978638,318004078,,56.176079200591076,19.00621218964774,82.88018010220648,42.15438888888888
2025-12-17 21:37:18.345375,1765978638,336991873,base_frame,-28.409957885742188,-2.0364015102386475,-75.671875,1765978638,338415659,,56.176079200591076,19.00621218964774,82.88018010220648,42.15438888888888
2025-12-17 21:37:18.366337,1765978638,357026619,base_frame,-28.4871883392334,-2.05686616897583,-75.93013763427734,1765978638,358817005,,56.176079200591076,19.00621218964774,82.88018010220648,42.15438888888888
2025-12-17 21:37:18.387604,1765978638,387029923,base_frame,-28.60301971435547,-2.0575246810913086,-76.19117736816406,1765978638,379210144,,56.193056953376654,18.682502418131698,82.55808158397906,42.06377777777777
2025-12-17 21:37:18.408533,1765978638,407022585,base_frame,-28.680809020996094,-2.0367019176483154,-76.45226287841797,1765978638,399604046,,56.193056953376654,18.682502418131698,82.55808158397906,42.06377777777777
2025-12-17 21:37:18.429449,1765978638,427029758,base_frame,-28.73841094970703,-2.0477166175842285,-76.60835266113281,1765978638,420013764,,56.209536717199434,18.3676118932381,82.24410993741793,41.97561111111111
2025-12-17 21:37:18.450412,1765978638,447027005,base_frame,-28.854122161865234,-2.048021078109741,-76.76422882080078,1765978638,440424970,,56.209536717199434,18.3676118932381,82.24410993741793,41.97561111111111
2025-12-17 21:37:18.471523,1765978638,466999114,base_frame,-28.950576782226562,-2.059360980987549,-76.91980743408203,1765978638,471049411,,56.225511457080934,18.0617421108784,81.9385081408225,41.889944444444446
2025-12-17 21:37:18.492459,1765978638,487029638,base_frame,-29.08555793762207,-2.069993495941162,-77.17903900146484,1765978638,491448057,,56.225511457080934,18.0617421108784,81.9385081408225,41.889944444444446
2025-12-17 21:37:18.513387,1765978638,507021275,base_frame,-29.18184471130371,-2.0374820232391357,-77.38611602783203,1765978638,511896016,,56.225511457080934,18.0617421108784,81.9385081408225,41.889944444444446
2025-12-17 21:37:18.534292,1765978638,527021850,base_frame,-29.259634017944336,-2.038325548171997,-77.64749145507812,1765978638,532339921,,56.2399932530937,17.783927908843012,81.66039381520162,41.812111111111115
2025-12-17 21:37:18.555297,1765978638,547027053,base_frame,-29.355802536010742,-2.0487942695617676,-77.74998474121094,1765978638,552754319,,56.2399932530937,17.783927908843012,81.66039381520162,41.812111111111115
2025-12-17 21:37:18.576236,1765978638,566990905,base_frame,-29.414392471313477,-2.015892267227173,-77.85348510742188,1765978638,573147727,,56.254104359862026,17.512744802590717,81.38840973490213,41.736111111111114
2025-12-17 21:37:18.597363,1765978638,596997833,base_frame,-29.491065979003906,-2.0169639587402344,-78.06172180175781,1765978638,593572347,,56.254104359862026,17.512744802590717,81.38840973490213,41.736111111111114
2025-12-17 21:37:18.618309,1765978638,617000689,base_frame,-29.549299240112305,-2.0066065788269043,-78.16667175292969,1765978638,613981163,,56.264791985511145,17.30704057800925,81.18175789643394,41.67844444444444
2025-12-17 21:37:18.639286,1765978638,637020032,base_frame,-29.58827781677246,-2.0072872638702393,-78.27131652832031,1765978638,634372774,,56.264791985511145,17.30704057800925,81.18175789643394,41.67844444444444
2025-12-17 21:37:18.660218,1765978638,657019352,base_frame,-29.626319885253906,-2.0071024894714355,-78.27098083496094,1765978638,654766766,,56.264791985511145,17.30704057800925,81.18175789643394,41.67844444444444
2025-12-17 21:37:18.681147,1765978638,677021005,base_frame,-29.684085845947266,-2.018634796142578,-78.37498474121094,1765978638,675158929,,56.273428629908736,17.140616193950663,81.01434928237347,41.63177777777777
2025-12-17 21:37:18.702108,1765978638,696990691,base_frame,-29.742509841918945,-1.9852157831192017,-78.53056335449219,1765978638,695527709,,56.273428629908736,17.140616193950663,81.01434928237347,41.63177777777777
2025-12-17 21:37:18.723116,1765978638,716991195,base_frame,-29.800153732299805,-1.9963929653167725,-78.52941131591797,1765978638,715863803,,56.282998320984994,16.956009936325934,80.82842096703374,41.58
2025-12-17 21:37:18.744050,1765978638,736991776,base_frame,-29.838552474975586,-1.9736618995666504,-78.5276107788086,1765978638,736261558,,56.282998320984994,16.956009936325934,80.82842096703374,41.58
2025-12-17 21:37:18.764994,1765978638,757019047,base_frame,-29.87752914428711,-1.9743415117263794,-78.63226318359375,1765978638,756664392,,56.282998320984994,16.956009936325934,80.82842096703374,41.58
2025-12-17 21:37:18.785940,1765978638,777025212,base_frame,-29.934648513793945,-1.9858800172805786,-78.68435668945312,1765978638,777076385,,56.287839611223006,16.86253732925031,80.73418572476172,41.55377777777778
2025-12-17 21:37:18.806873,1765978638,797027322,base_frame,-29.95484161376953,-1.997376561164856,-78.78993225097656,1765978638,797496617,,56.287839611223006,16.86253732925031,80.73418572476172,41.55377777777778
2025-12-17 21:37:18.827841,1765978638,827039043,base_frame,-29.99307632446289,-1.9741284847259521,-78.84021759033203,1765978638,817894885,,56.297214856601386,16.681372849995157,80.55136297216976,41.50294444444444
2025-12-17 21:37:18.848859,1765978638,847018956,base_frame,-30.031572341918945,-1.9753327369689941,-78.84088134765625,1765978638,848488131,,56.297214856601386,16.681372849995157,80.55136297216976,41.50294444444444
2025-12-17 21:37:18.869819,1765978638,867000254,base_frame,-30.051475524902344,-1.9642895460128784,-78.8930892944336,1765978638,868904580,,56.301677601141975,16.59506548993906,80.46418138465478,41.478722222222224
2025-12-17 21:37:18.890753,1765978638,887027048,base_frame,-30.109241485595703,-1.9758219718933105,-78.99710083007812,1765978638,889300503,,56.301677601141975,16.59506548993906,80.46418138465478,41.478722222222224
2025-12-17 21:37:18.911698,1765978638,906996625,base_frame,-30.14822006225586,-1.9765026569366455,-79.10174560546875,1765978638,909740449,,56.301677601141975,16.59506548993906,80.46418138465478,41.478722222222224
2025-12-17 21:37:18.932607,1765978638,927031506,base_frame,-30.185808181762695,-1.974928617477417,-79.10041046142578,1765978638,930149559,,56.310594214712765,16.422486838263005,80.28969015141774,41.430277777777775
2025-12-17 21:37:18.953611,1765978638,946997281,base_frame,-30.20475959777832,-1.9646297693252563,-79.04740142822266,1765978638,950563510,,56.310594214712765,16.422486838263005,80.28969015141774,41.430277777777775
2025-12-17 21:37:18.974539,1765978638,966989978,base_frame,-30.185972213745117,-1.9537781476974487,-79.04804229736328,1765978638,970958274,,56.31435363942649,16.3496702730682,80.21600036474669,41.40983333333334
2025-12-17 21:37:18.995466,1765978638,987025637,base_frame,-30.20522689819336,-1.9427416324615479,-79.04834747314453,1765978638,991352282,,56.31435363942649,16.3496702730682,80.21600036474669,41.40983333333334
2025-12-17 21:37:19.016400,1765978639,6988230,base_frame,-30.224178314208984,-1.9541101455688477,-78.99562072753906,1765978639,11754162,,56.31435363942649,16.3496702730682,80.21600036474669,41.40983333333334
2025-12-17 21:37:19.037412,1765978639,36990875,base_frame,-30.281944274902344,-1.9656410217285156,-79.09962463378906,1765978639,32135356,,56.316477599886234,16.308517050206348,80.17433613923495,41.39827777777778
2025-12-17 21:37:19.058403,1765978639,57024107,base_frame,-30.32010841369629,-1.9658112525939941,-79.2044448852539,1765978639,52590300,,56.316477599886234,16.308517050206348,80.17433613923495,41.39827777777778
2025-12-17 21:37:19.079476,1765978639,76990549,base_frame,-30.320756912231445,-1.9658048152923584,-79.25635528564453,1765978639,73016622,,56.324925926692316,16.14472453782028,80.00838390156315,41.35227777777778
2025-12-17 21:37:19.100414,1765978639,96990808,base_frame,-30.340009689331055,-1.933100700378418,-79.2563705444336,1765978639,93409208,,56.324925926692316,16.14472453782028,80.00838390156315,41.35227777777778
2025-12-17 21:37:19.121339,1765978639,116998873,base_frame,-30.340173721313477,-1.9336177110671997,-79.20429229736328,1765978639,113804985,,56.324925926692316,16.14472453782028,80.00838390156315,41.35227777777778
2025-12-17 21:37:19.142280,1765978639,136993136,base_frame,-30.359142303466797,-1.9217089414596558,-79.1515121459961,1765978639,134181221,,56.32794351527244,16.08618214094411,79.94902049580222,41.335833333333326
2025-12-17 21:37:19.163261,1765978639,157001516,base_frame,-30.340051651000977,-1.9332624673843384,-79.09913635253906,1765978639,154584693,,56.32794351527244,16.08618214094411,79.94902049580222,41.335833333333326
2025-12-17 21:37:19.184197,1765978639,176999619,base_frame,-30.359472274780273,-1.9227429628372192,-79.04735565185547,1765978639,175009032,,56.329839005961134,16.04939850560936,79.9117077063735,41.325500000000005
2025-12-17 21:37:19.205224,1765978639,196996680,base_frame,-30.340396881103516,-1.9110190868377686,-78.99491882324219,1765978639,195429689,,56.329839005961134,16.04939850560936,79.9117077063735,41.325500000000005
2025-12-17 21:37:19.226513,1765978639,216991191,base_frame,-30.340560913085938,-1.9115360975265503,-78.94284057617188,1765978639,225990668,,56.330694857774674,16.03278734204568,79.89485421104874,41.32083333333333
2025-12-17 21:37:19.247463,1765978639,247021222,base_frame,-30.359350204467773,-1.922387719154358,-78.94219970703125,1765978639,246387045,,56.330694857774674,16.03278734204568,79.89485421104874,41.32083333333333
2025-12-17 21:37:19.268416,1765978639,266990016,base_frame,-30.416467666625977,-1.9339265823364258,-78.99429321289062,1765978639,266780434,,56.3351251933956,15.946773292734001,79.80755170610888,41.29666666666667
2025-12-17 21:37:19.289339,1765978639,287020420,base_frame,-30.455280303955078,-1.9340903759002686,-79.1510238647461,1765978639,287179239,,56.3351251933956,15.946773292734001,79.80755170610888,41.29666666666667
2025-12-17 21:37:19.310265,1765978639,307028712,base_frame,-30.474355697631836,-1.9458142518997192,-79.20346069335938,1765978639,307577200,,56.3351251933956,15.946773292734001,79.80755170610888,41.29666666666667
2025-12-17 21:37:19.331199,1765978639,327027793,base_frame,-30.493610382080078,-1.9347776174545288,-79.20376586914062,1765978639,327948582,,56.34033598279586,15.845551292200277,79.704740908123,41.268222222222214
2025-12-17 21:37:19.352130,1765978639,346989586,base_frame,-30.493488311767578,-1.9344223737716675,-79.09860229492188,1765978639,348326412,,56.34033598279586,15.845551292200277,79.704740908123,41.268222222222214
2025-12-17 21:37:19.373108,1765978639,366998103,base_frame,-30.493488311767578,-1.9344223737716675,-79.09860229492188,1765978639,368697468,,56.34283815604602,15.796924130766271,79.65532246339785,41.254555555555555
2025-12-17 21:37:19.394042,1765978639,387019371,base_frame,-30.493654251098633,-1.9349393844604492,-79.04652404785156,1765978639,389090856,,56.34283815604602,15.796924130766271,79.65532246339785,41.254555555555555
2025-12-17 21:37:19.414977,1765978639,407019469,base_frame,-30.494121551513672,-1.9130511283874512,-79.04747009277344,1765978639,409482832,,56.34283815604602,15.796924130766271,79.65532246339785,41.254555555555555
2025-12-17 21:37:19.435949,1765978639,426999495,base_frame,-30.493995666503906,-1.8910285234451294,-78.94202423095703,1765978639,429870338,,56.34384486298102,15.77735593157999,79.63543069155386,41.24905555555556
2025-12-17 21:37:19.456884,1765978639,447019351,base_frame,-30.493995666503906,-1.8910285234451294,-78.94202423095703,1765978639,450262355,,56.34384486298102,15.77735593157999,79.63543069155386,41.24905555555556
2025-12-17 21:37:19.477821,1765978639,476989713,base_frame,-30.45547103881836,-1.8917368650436401,-78.83837127685547,1765978639,470659792,,56.34438374454432,15.766880327645168,79.62478065024052,41.246111111111105
2025-12-17 21:37:19.498753,1765978639,497019563,base_frame,-30.45563507080078,-1.8922538757324219,-78.78629302978516,1765978639,491067782,,56.34438374454432,15.766880327645168,79.62478065024052,41.246111111111105
2025-12-17 21:37:19.519680,1765978639,516987945,base_frame,-30.474599838256836,-1.8586777448654175,-78.73323059082031,1765978639,511460970,,56.34438374454432,15.766880327645168,79.62478065024052,41.246111111111105
2025-12-17 21:37:19.540618,1765978639,536990449,base_frame,-30.474767684936523,-1.8808621168136597,-78.68143463134766,1765978639,531846172,,56.344892083390214,15.756997875144684,79.61473285904856,41.243333333333325
2025-12-17 21:37:19.561590,1765978639,557025263,base_frame,-30.493677139282227,-1.8920689821243286,-78.78594970703125,1765978639,552262623,,56.344892083390214,15.756997875144684,79.61473285904856,41.243333333333325
2025-12-17 21:37:19.582520,1765978639,576989287,base_frame,-30.512466430664062,-1.9029206037521362,-78.78530883789062,1765978639,572660212,,56.34746368276668,15.706995547398137,79.56388236452378,41.22927777777778
2025-12-17 21:37:19.603662,1765978639,597002354,base_frame,-30.551279067993164,-1.903084397315979,-78.9420394897461,1765978639,603266085,,56.34746368276668,15.706995547398137,79.56388236452378,41.22927777777778
2025-12-17 21:37:19.624589,1765978639,617003417,base_frame,-30.589969635009766,-1.9028923511505127,-78.99360656738281,1765978639,623668145,,56.35276637183386,15.603844059739615,79.458919751797,41.20027777777777
2025-12-17 21:37:19.645515,1765978639,636989859,base_frame,-30.608591079711914,-1.9132260084152222,-79.0450439453125,1765978639,644062564,,56.35276637183386,15.603844059739615,79.458919751797,41.20027777777777
2025-12-17 21:37:19.666441,1765978639,656990536,base_frame,-30.608755111694336,-1.913743019104004,-78.99296569824219,1765978639,664453516,,56.35276637183386,15.603844059739615,79.458919751797,41.20027777777777
2025-12-17 21:37:19.687484,1765978639,687028219,base_frame,-30.628297805786133,-1.9035786390304565,-79.04634857177734,1765978639,684851992,,56.35617735948121,15.537458808533877,79.39132496372943,41.18161111111111
2025-12-17 21:37:19.708410,1765978639,707030237,base_frame,-30.647430419921875,-1.8921868801116943,-78.94149017333984,1765978639,705243014,,56.35617735948121,15.537458808533877,79.39132496372943,41.18161111111111
2025-12-17 21:37:19.729342,1765978639,727025514,base_frame,-30.647430419921875,-1.8921868801116943,-78.94149017333984,1765978639,725636010,,56.35771984972176,15.507430280052311,79.3607379641847,41.17316666666667
2025-12-17 21:37:19.750286,1765978639,746991301,base_frame,-30.646947860717773,-1.8927103281021118,-78.8375015258789,1765978639,746035979,,56.35771984972176,15.507430280052311,79.3607379641847,41.17316666666667
2025-12-17 21:37:19.771303,1765978639,767000890,base_frame,-30.647592544555664,-1.871036410331726,-78.88912200927734,1765978639,766441673,,56.35771984972176,15.507430280052311,79.3607379641847,41.17316666666667
2025-12-17 21:37:19.792383,1765978639,787003875,base_frame,-30.628162384033203,-1.8818597793579102,-78.83814239501953,1765978639,786851008,,56.35821702344503,15.497750417668229,79.35087656508227,41.17044444444444
2025-12-17 21:37:19.813356,1765978639,807022791,base_frame,-30.628036499023438,-1.8598370552062988,-78.73269653320312,1765978639,807251333,,56.35821702344503,15.497750417668229,79.35087656508227,41.17044444444444
2025-12-17 21:37:19.834293,1765978639,827028392,base_frame,-30.608766555786133,-1.8495090007781982,-78.62934875488281,1765978639,827679420,,56.35858227019354,15.490638802608238,79.34363110864703,41.16844444444445
2025-12-17 21:37:19.855244,1765978639,847028896,base_frame,-30.608766555786133,-1.8495090007781982,-78.62934875488281,1765978639,848077395,,56.35858227019354,15.490638802608238,79.34363110864703,41.16844444444445
2025-12-17 21:37:19.876175,1765978639,867029624,base_frame,-30.608766555786133,-1.8495090007781982,-78.62934875488281,1765978639,868489733,,56.3588967721122,15.48451499381698,79.33739173013453,41.16672222222222
2025-12-17 21:37:19.897096,1765978639,887021195,base_frame,-30.608932495117188,-1.8500258922576904,-78.5772705078125,1765978639,888920908,,56.3588967721122,15.48451499381698,79.33739173013453,41.16672222222222
2025-12-17 21:37:19.918009,1765978639,917001944,base_frame,-30.59002113342285,-1.8388190269470215,-78.4727554321289,1765978639,909315518,,56.3588967721122,15.48451499381698,79.33739173013453,41.16672222222222
2025-12-17 21:37:19.938944,1765978639,936997480,base_frame,-30.59002113342285,-1.8388190269470215,-78.4727554321289,1765978639,929758324,,56.3593025590053,15.476613417263792,79.32934059715723,41.16449999999999
2025-12-17 21:37:19.960023,1765978639,957019101,base_frame,-30.58907127380371,-1.861230731010437,-78.3678207397461,1765978639,950147552,,56.3593025590053,15.476613417263792,79.32934059715723,41.16449999999999
2025-12-17 21:37:19.981323,1765978639,977001132,base_frame,-30.60909652709961,-1.8505429029464722,-78.52519226074219,1765978639,980778724,,56.36124999051259,15.438687615480248,79.29069010776885,41.15383333333334
2025-12-17 21:37:20.002255,1765978639,997001600,base_frame,-30.62723731994629,-1.861401081085205,-78.4726333618164,1765978640,1176797,,56.36124999051259,15.438687615480248,79.29069010776885,41.15383333333334
2025-12-17 21:37:20.023181,1765978640,17001485,base_frame,-30.627885818481445,-1.8613945245742798,-78.52454376220703,1765978640,21615140,,56.36338947694901,15.397012128567617,79.24820518545431,41.14211111111111
2025-12-17 21:37:20.044167,1765978640,37034140,base_frame,-30.665925979614258,-1.8612085580825806,-78.52420806884766,1765978640,42011257,,56.36338947694901,15.397012128567617,79.24820518545431,41.14211111111111
2025-12-17 21:37:20.065097,1765978640,57002281,base_frame,-30.66686248779297,-1.8620742559432983,-78.62919616699219,1765978640,62407265,,56.36338947694901,15.397012128567617,79.24820518545431,41.14211111111111
2025-12-17 21:37:20.086023,1765978640,77028998,base_frame,-30.68548583984375,-1.8940763473510742,-78.68092346191406,1765978640,82807273,,56.36674434138783,15.331642157419807,79.18153786436977,41.12372222222223
2025-12-17 21:37:20.106950,1765978640,97028865,base_frame,-30.723529815673828,-1.893891453742981,-78.68058013916016,1765978640,103203204,,56.36674434138783,15.331642157419807,79.18153786436977,41.12372222222223
2025-12-17 21:37:20.127893,1765978640,127028730,base_frame,-30.742605209350586,-1.9056153297424316,-78.73301696777344,1765978640,123595259,,56.36947967929137,15.278325810280712,79.1271382434295,41.10872222222222
2025-12-17 21:37:20.148823,1765978640,147000652,base_frame,-30.762508392333984,-1.894572138786316,-78.78523254394531,1765978640,143973828,,56.36947967929137,15.278325810280712,79.1271382434295,41.10872222222222
2025-12-17 21:37:20.169762,1765978640,167000609,base_frame,-30.74342918395996,-1.8611809015274048,-78.73250579833984,1765978640,164378757,,56.36947967929137,15.278325810280712,79.1271382434295,41.10872222222222
2025-12-17 21:37:20.190739,1765978640,187028163,base_frame,-30.743595123291016,-1.861697793006897,-78.680419921875,1765978640,184776880,,56.37154562923442,15.238046313148956,79.08602532448586,41.09738888888889
2025-12-17 21:37:20.211671,1765978640,207028338,base_frame,-30.74294662475586,-1.8617043495178223,-78.6285171508789,1765978640,205143384,,56.37154562923442,15.238046313148956,79.08602532448586,41.09738888888889
2025-12-17 21:37:20.232608,1765978640,226998519,base_frame,-30.724323272705078,-1.8513697385787964,-78.57707977294922,1765978640,225517202,,56.37196076677977,15.229951338468105,79.07776129261327,41.09511111111111
2025-12-17 21:37:20.253543,1765978640,247031742,base_frame,-30.72403335571289,-1.8288300037384033,-78.52371215820312,1765978640,245914193,,56.37196076677977,15.229951338468105,79.07776129261327,41.09511111111111
2025-12-17 21:37:20.274464,1765978640,266999515,base_frame,-30.723384857177734,-1.8288365602493286,-78.4718017578125,1765978640,266310704,,56.37196076677977,15.229951338468105,79.07776129261327,41.09511111111111
2025-12-17 21:37:20.295412,1765978640,287028677,base_frame,-30.72355079650879,-1.8293535709381104,-78.41972351074219,1765978640,286710679,,56.37221388663665,15.22501544659346,79.07272206128755,41.09372222222222
2025-12-17 21:37:20.316388,1765978640,307026179,base_frame,-30.72355079650879,-1.8293535709381104,-78.41972351074219,1765978640,307107618,,56.37221388663665,15.22501544659346,79.07272206128755,41.09372222222222
2025-12-17 21:37:20.337366,1765978640,336999167,base_frame,-30.72342872619629,-1.828998327255249,-78.31455993652344,1765978640,327509121,,56.372416375544404,15.221066770384496,79.06869057394852,41.09261111111111
2025-12-17 21:37:20.358548,1765978640,357031314,base_frame,-30.704805374145508,-1.8186637163162231,-78.26312255859375,1765978640,358112156,,56.372416375544404,15.221066770384496,79.06869057394852,41.09261111111111
2025-12-17 21:37:20.379536,1765978640,376990212,base_frame,-30.704805374145508,-1.8186637163162231,-78.26312255859375,1765978640,378539608,,56.37258848623938,15.217710421687961,79.06526373822626,41.09166666666667
2025-12-17 21:37:20.400522,1765978640,397048880,base_frame,-30.704322814941406,-1.8191871643066406,-78.15913391113281,1765978640,398929852,,56.37258848623938,15.217710421687961,79.06526373822626,41.09166666666667
2025-12-17 21:37:20.421459,1765978640,416999708,base_frame,-30.704322814941406,-1.8191871643066406,-78.15913391113281,1765978640,419326226,,56.37258848623938,15.217710421687961,79.06526373822626,41.09166666666667
2025-12-17 21:37:20.442454,1765978640,436991391,base_frame,-30.685537338256836,-1.808336615562439,-78.15978240966797,1765978640,439760698,,56.37276059245318,15.214354096973267,79.06183683681391,41.090722222222226
2025-12-17 21:37:20.463432,1765978640,457028684,base_frame,-30.684600830078125,-1.8074709177017212,-78.0547866821289,1765978640,460157409,,56.37276059245318,15.214354096973267,79.06183683681391,41.090722222222226
2025-12-17 21:37:20.484363,1765978640,476999869,base_frame,-30.68476676940918,-1.8079878091812134,-78.0027084350586,1765978640,480818704,,56.37293269418586,15.210997796255214,79.05840986970975,41.089777777777776
2025-12-17 21:37:20.505296,1765978640,497017627,base_frame,-30.68476676940918,-1.8079878091812134,-78.0027084350586,1765978640,501215985,,56.37293269418586,15.210997796255214,79.05840986970975,41.089777777777776
2025-12-17 21:37:20.526263,1765978640,517000310,base_frame,-30.665512084960938,-1.8190244436264038,-78.00240325927734,1765978640,521619203,,56.37312503787834,15.207246665043726,79.05457965226299,41.088722222222216
2025-12-17 21:37:20.547369,1765978640,547000738,base_frame,-30.665496826171875,-1.7976597547531128,-77.89936065673828,1765978640,542018902,,56.37312503787834,15.207246665043726,79.05457965226299,41.088722222222216
2025-12-17 21:37:20.568346,1765978640,567028909,base_frame,-30.66520881652832,-1.7967875003814697,-77.84628295898438,1765978640,562421197,,56.37312503787834,15.207246665043726,79.05457965226299,41.088722222222216
2025-12-17 21:37:20.589284,1765978640,587032210,base_frame,-30.66520881652832,-1.7967875003814697,-77.84628295898438,1765978640,582815700,,56.373408481538426,15.201718736917002,79.04893497170985,41.08716666666667
2025-12-17 21:37:20.610220,1765978640,606990967,base_frame,-30.66520881652832,-1.7967875003814697,-77.84628295898438,1765978640,603206987,,56.373408481538426,15.201718736917002,79.04893497170985,41.08716666666667
2025-12-17 21:37:20.631167,1765978640,627000029,base_frame,-30.665496826171875,-1.7976597547531128,-77.89936065673828,1765978640,623598332,,56.37426886104408,15.184937926471967,79.0317982425079,41.08244444444445
2025-12-17 21:37:20.652099,1765978640,647000761,base_frame,-30.684284210205078,-1.8085113763809204,-77.89871978759766,1765978640,643990698,,56.37426886104408,15.184937926471967,79.0317982425079,41.08244444444445
2025-12-17 21:37:20.673030,1765978640,667000556,base_frame,-30.684284210205078,-1.8085113763809204,-77.89871978759766,1765978640,664380696,,56.37426886104408,15.184937926471967,79.0317982425079,41.08244444444445
2025-12-17 21:37:20.693962,1765978640,686991082,base_frame,-30.684284210205078,-1.8085113763809204,-77.89871978759766,1765978640,684772550,,56.37624224958963,15.14644305484552,78.99247836206882,41.07161111111111
2025-12-17 21:37:20.714891,1765978640,706991069,base_frame,-30.684932708740234,-1.8085048198699951,-77.95063018798828,1765978640,705131456,,56.37624224958963,15.14644305484552,78.99247836206882,41.07161111111111
2025-12-17 21:37:20.735809,1765978640,726990223,base_frame,-30.684932708740234,-1.8085048198699951,-77.95063018798828,1765978640,725532547,,56.377132611376304,15.129072055471248,78.97473117377297,41.066722222222225
2025-12-17 21:37:20.756753,1765978640,746992095,base_frame,-30.684450149536133,-1.8090283870697021,-77.84663391113281,1765978640,756122270,,56.377132611376304,15.129072055471248,78.97473117377297,41.066722222222225
2025-12-17 21:37:20.777983,1765978640,777019410,base_frame,-30.684158325195312,-1.786488652229309,-77.79327392578125,1765978640,776520452,,56.37791157946282,15.113872966519573,78.95920093893741,41.062444444444445
2025-12-17 21:37:20.798930,1765978640,797018979,base_frame,-30.722490310668945,-1.808842420578003,-77.84629821777344,1765978640,796930920,,56.37791157946282,15.113872966519573,78.95920093893741,41.062444444444445
2025-12-17 21:37:20.819904,1765978640,817022920,base_frame,-30.741565704345703,-1.8205662965774536,-77.89873504638672,1765978640,817326980,,56.37791157946282,15.113872966519573,78.95920093893741,41.062444444444445
2025-12-17 21:37:20.840808,1765978640,837018755,base_frame,-30.760839462280273,-1.8525618314743042,-78.00237274169922,1765978640,837758852,,56.38048051089037,15.063739273047553,78.90796176809542,41.048333333333325
2025-12-17 21:37:20.861714,1765978640,857019743,base_frame,-30.760835647583008,-1.8308943510055542,-78.00208282470703,1765978640,858150314,,56.38048051089037,15.063739273047553,78.90796176809542,41.048333333333325
2025-12-17 21:37:20.882618,1765978640,877028107,base_frame,-30.780094146728516,-1.8415253162384033,-78.00267791748047,1765978640,878545502,,56.382381280731686,15.026635985662367,78.87002725584497,41.03788888888889
2025-12-17 21:37:20.903564,1765978640,897019556,base_frame,-30.781028747558594,-1.8423908948898315,-78.107666015625,1765978640,898928916,,56.382381280731686,15.026635985662367,78.87002725584497,41.03788888888889
2025-12-17 21:37:20.924505,1765978640,917020849,base_frame,-30.79981803894043,-1.8532425165176392,-78.10701751708984,1765978640,919322135,,56.382381280731686,15.026635985662367,78.87002725584497,41.03788888888889
2025-12-17 21:37:20.945405,1765978640,937019112,base_frame,-30.79981803894043,-1.8532425165176392,-78.10701751708984,1765978640,939737283,,56.385160675541535,14.972368030597373,78.81452344643859,41.02261111111111
2025-12-17 21:37:20.966413,1765978640,957015694,base_frame,-30.79952621459961,-1.8307029008865356,-78.05365753173828,1765978640,960146537,,56.385160675541535,14.972368030597373,78.81452344643859,41.02261111111111
2025-12-17 21:37:20.987359,1765978640,986995310,base_frame,-30.81829833984375,-1.8201898336410522,-77.94996643066406,1765978640,980551271,,56.38586797074284,14.95855541330127,78.80039245363577,41.018722222222216
2025-12-17 21:37:21.008332,1765978641,7016097,base_frame,-30.818302154541016,-1.8418573141098022,-77.95025634765625,1765978641,922686,,56.38586797074284,14.95855541330127,78.80039245363577,41.018722222222216
2025-12-17 21:37:21.029266,1765978641,26986350,base_frame,-30.818302154541016,-1.8418573141098022,-77.95025634765625,1765978641,21320204,,56.38586797074284,14.95855541330127,78.80039245363577,41.018722222222216
2025-12-17 21:37:21.050229,1765978641,47022307,base_frame,-30.818302154541016,-1.8418573141098022,-77.95025634765625,1765978641,41758694,,56.3861508675643,14.953030485511533,78.79473974393545,41.01716666666667
2025-12-17 21:37:21.071133,1765978641,67027105,base_frame,-30.79939079284668,-1.8306504487991333,-77.84574127197266,1765978641,62154841,,56.3861508675643,14.953030485511533,78.79473974393545,41.01716666666667
2025-12-17 21:37:21.092072,1765978641,86987905,base_frame,-30.79874038696289,-1.8089895248413086,-77.79354095458984,1765978641,82622384,,56.38635292928507,14.949084150252595,78.79070198478468,41.01605555555555
2025-12-17 21:37:21.113042,1765978641,107022137,base_frame,-30.79874038696289,-1.8089895248413086,-77.79354095458984,1765978641,103061767,,56.38635292928507,14.949084150252595,78.79070198478468,41.01605555555555
2025-12-17 21:37:21.134291,1765978641,126990338,base_frame,-30.79874038696289,-1.8089895248413086,-77.79354095458984,1765978641,133658326,,56.38649436880194,14.946321736278684,78.78787549915015,41.015277777777776
2025-12-17 21:37:21.155259,1765978641,146993095,base_frame,-30.779830932617188,-1.7977826595306396,-77.68902587890625,1765978641,154141383,,56.38649436880194,14.946321736278684,78.78787549915015,41.015277777777776
2025-12-17 21:37:21.176233,1765978641,167030026,base_frame,-30.779830932617188,-1.7977826595306396,-77.68902587890625,1765978641,174545302,,56.38662570277692,14.943756652866774,78.78525086535782,41.014555555555546
2025-12-17 21:37:21.197600,1765978641,197003449,base_frame,-30.760215759277344,-1.8096979856491089,-77.68988800048828,1765978641,194937337,,56.38662570277692,14.943756652866774,78.78525086535782,41.014555555555546
2025-12-17 21:37:21.218533,1765978641,217031621,base_frame,-30.760379791259766,-1.810214877128601,-77.63780975341797,1765978641,215299222,,56.38662570277692,14.943756652866774,78.78525086535782,41.014555555555546
2025-12-17 21:37:21.239471,1765978641,237020927,base_frame,-30.76009178161621,-1.8093427419662476,-77.58473205566406,1765978641,235704936,,56.38673682947973,14.941586209168037,78.78302999130173,41.01394444444445
2025-12-17 21:37:21.260408,1765978641,257019352,base_frame,-30.76009178161621,-1.8093427419662476,-77.58473205566406,1765978641,256100412,,56.38673682947973,14.941586209168037,78.78302999130173,41.01394444444445
2025-12-17 21:37:21.281317,1765978641,276992242,base_frame,-30.760725021362305,-1.7879714965820312,-77.5335922241211,1765978641,276495709,,56.386847954307775,14.939415776011494,78.78080908967357,41.013333333333335
2025-12-17 21:37:21.302259,1765978641,297044884,base_frame,-30.741466522216797,-1.7773406505584717,-77.53300476074219,1765978641,296908956,,56.386847954307775,14.939415776011494,78.78080908967357,41.013333333333335
2025-12-17 21:37:21.323194,1765978641,317018983,base_frame,-30.741182327270508,-1.7981358766555786,-77.48020935058594,1765978641,317304177,,56.386847954307775,14.939415776011494,78.78080908967357,41.013333333333335
2025-12-17 21:37:21.344230,1765978641,337022363,base_frame,-30.722393035888672,-1.7656177282333374,-77.4805679321289,1765978641,337711057,,56.38696917925472,14.937048042777676,78.77838625645089,41.01266666666666
2025-12-17 21:37:21.365487,1765978641,356998526,base_frame,-30.74069595336914,-1.776991844177246,-77.37593078613281,1765978641,358108308,,56.38696917925472,14.937048042777676,78.77838625645089,41.01266666666666
2025-12-17 21:37:21.386453,1765978641,377030170,base_frame,-30.74069595336914,-1.776991844177246,-77.37593078613281,1765978641,378516413,,56.38709040197055,14.934680322099936,78.77596339041398,41.012
2025-12-17 21:37:21.407417,1765978641,407029171,base_frame,-30.74086570739746,-1.7991763353347778,-77.32414245605469,1765978641,398913297,,56.38709040197055,14.934680322099936,78.77596339041398,41.012
2025-12-17 21:37:21.428348,1765978641,427000496,base_frame,-30.72114372253418,-1.7874600887298584,-77.21979522705078,1765978641,419311933,,56.38709040197055,14.934680322099936,78.77596339041398,41.012
2025-12-17 21:37:21.449290,1765978641,447028574,base_frame,-30.721139907836914,-1.7657926082611084,-77.2195053100586,1765978641,439740480,,56.387201520833436,14.932509922513098,78.77374240105303,41.01138888888889
2025-12-17 21:37:21.470284,1765978641,467026455,base_frame,-30.721139907836914,-1.7657926082611084,-77.2195053100586,1765978641,460136086,,56.387201520833436,14.932509922513098,78.77374240105303,41.01138888888889
2025-12-17 21:37:21.491258,1765978641,487001760,base_frame,-30.721139907836914,-1.7657926082611084,-77.2195053100586,1765978641,490739954,,56.38734294212934,14.929747611037598,78.77091564744063,41.01061111111111
2025-12-17 21:37:21.512201,1765978641,507016722,base_frame,-30.740394592285156,-1.7547560930252075,-77.21981048583984,1765978641,511115135,,56.38734294212934,14.929747611037598,78.77091564744063,41.01061111111111
2025-12-17 21:37:21.533138,1765978641,526988773,base_frame,-30.721773147583008,-1.744421362876892,-77.16837310791016,1765978641,531517145,,56.38750456274904,14.926590704590502,78.76768501718942,41.00972222222222
2025-12-17 21:37:21.554081,1765978641,547001604,base_frame,-30.702518463134766,-1.755457878112793,-77.1680679321289,1765978641,551959237,,56.38750456274904,14.926590704590502,78.76768501718942,41.00972222222222
2025-12-17 21:37:21.575101,1765978641,566987834,base_frame,-30.683263778686523,-1.7664945125579834,-77.16777038574219,1765978641,572363443,,56.38750456274904,14.926590704590502,78.76768501718942,41.00972222222222
2025-12-17 21:37:21.596126,1765978641,586987620,base_frame,-30.683263778686523,-1.7664945125579834,-77.16777038574219,1765978641,592772035,,56.387777288550836,14.921263475675062,78.7622331963444,41.008222222222216
2025-12-17 21:37:21.617305,1765978641,617001465,base_frame,-30.682781219482422,-1.7670179605484009,-77.06378173828125,1765978641,613173161,,56.387777288550836,14.921263475675062,78.7622331963444,41.008222222222216
2025-12-17 21:37:21.638241,1765978641,637029897,base_frame,-30.701406478881836,-1.7990201711654663,-77.11550903320312,1765978641,633567985,,56.38866609425062,14.903901098218064,78.74446314550997,41.00333333333334
2025-12-17 21:37:21.659174,1765978641,657029277,base_frame,-30.720661163330078,-1.7879835367202759,-77.11580657958984,1765978641,653969108,,56.38866609425062,14.903901098218064,78.74446314550997,41.00333333333334
2025-12-17 21:37:21.680107,1765978641,677001149,base_frame,-30.720949172973633,-1.788855791091919,-77.16888427734375,1765978641,674364970,,56.38866609425062,14.903901098218064,78.74446314550997,41.00333333333334
2025-12-17 21:37:21.701042,1765978641,697025663,base_frame,-30.7213077545166,-1.7879769802093506,-77.16771697998047,1765978641,694762431,,56.3899283961041,14.879239798152753,78.71921856143831,40.99638888888889
2025-12-17 21:37:21.721986,1765978641,717000875,base_frame,-30.7213077545166,-1.7879769802093506,-77.16771697998047,1765978641,715161382,,56.3899283961041,14.879239798152753,78.71921856143831,40.99638888888889
2025-12-17 21:37:21.742982,1765978641,736990591,base_frame,-30.720661163330078,-1.7879835367202759,-77.11580657958984,1765978641,735589787,,56.39049382882267,14.86819198169529,78.70790783233693,40.99327777777777
2025-12-17 21:37:21.763936,1765978641,757003012,base_frame,-30.7213077545166,-1.7879769802093506,-77.16771697998047,1765978641,755994008,,56.39049382882267,14.86819198169529,78.70790783233693,40.99327777777777
2025-12-17 21:37:21.784984,1765978641,776999024,base_frame,-30.721473693847656,-1.7884939908981323,-77.11563873291016,1765978641,776537627,,56.39080681533073,14.862076345104946,78.70164622839118,40.99155555555555
2025-12-17 21:37:21.805933,1765978641,797064084,base_frame,-30.7208251953125,-1.7885005474090576,-77.06372833251953,1765978641,796907909,,56.39080681533073,14.862076345104946,78.70164622839118,40.99155555555555
2025-12-17 21:37:21.826837,1765978641,817028368,base_frame,-30.701749801635742,-1.776776671409607,-77.01129150390625,1765978641,817303517,,56.39080681533073,14.862076345104946,78.70164622839118,40.99155555555555
2025-12-17 21:37:21.847965,1765978641,847029991,base_frame,-30.702199935913086,-1.7564984560012817,-77.01200103759766,1765978641,837740422,,56.391018829991125,14.85793354273175,78.69740437218164,40.99038888888889
2025-12-17 21:37:21.868911,1765978641,867000359,base_frame,-30.702199935913086,-1.7564984560012817,-77.01200103759766,1765978641,868335176,,56.391018829991125,14.85793354273175,78.69740437218164,40.99038888888889
2025-12-17 21:37:21.889873,1765978641,887018719,base_frame,-30.721168518066406,-1.7445895671844482,-76.959228515625,1765978641,888736225,,56.39117026485181,14.854974422042318,78.69437441331829,40.98955555555555
2025-12-17 21:37:21.910822,1765978641,907030505,base_frame,-30.70191192626953,-1.7556262016296387,-76.95892333984375,1765978641,909136100,,56.39117026485181,14.854974422042318,78.69437441331829,40.98955555555555
2025-12-17 21:37:21.931762,1765978641,926997046,base_frame,-30.70191192626953,-1.7556262016296387,-76.95892333984375,1765978641,929549954,,56.39129141023089,14.85260713981667,78.69195040928449,40.98888888888889
2025-12-17 21:37:21.952730,1765978641,947029407,base_frame,-30.70191192626953,-1.7556262016296387,-76.95892333984375,1765978641,949920513,,56.39129141023089,14.85260713981667,78.69195040928449,40.98888888888889
2025-12-17 21:37:21.973733,1765978641,966992861,base_frame,-30.70126724243164,-1.7773001194000244,-76.90730285644531,1765978641,970325301,,56.39129141023089,14.85260713981667,78.69195040928449,40.98888888888889
2025-12-17 21:37:21.994680,1765978641,987034342,base_frame,-30.701433181762695,-1.7778171300888062,-76.855224609375,1765978641,990729813,,56.39139236300952,14.850634414359618,78.68993038083715,40.98833333333333
2025-12-17 21:37:22.015616,1765978642,7019365,base_frame,-30.682641983032227,-1.7452980279922485,-76.85557556152344,1765978642,11101157,,56.39139236300952,14.850634414359618,78.68993038083715,40.98833333333333
2025-12-17 21:37:22.036567,1765978642,27010121,base_frame,-30.682519912719727,-1.7449427843093872,-76.75041961669922,1765978642,31509486,,56.39149331423913,14.848661697752618,78.6879103295845,40.98777777777777
2025-12-17 21:37:22.057505,1765978642,57029710,base_frame,-30.68252182006836,-1.7666102647781372,-76.7507095336914,1765978642,51886874,,56.39149331423913,14.848661697752618,78.6879103295845,40.98777777777777
2025-12-17 21:37:22.078430,1765978642,76999012,base_frame,-30.682159423828125,-1.7458215951919556,-76.7515869140625,1765978642,72280757,,56.39149331423913,14.848661697752618,78.6879103295845,40.98777777777777
2025-12-17 21:37:22.099365,1765978642,97022700,base_frame,-30.682159423828125,-1.7458215951919556,-76.7515869140625,1765978642,92680187,,56.391584169021364,14.846886260375307,78.68609226395802,40.98727777777778
2025-12-17 21:37:22.120297,1765978642,117019686,base_frame,-30.68232536315918,-1.7463384866714478,-76.69950866699219,1765978642,113073503,,56.391584169021364,14.846886260375307,78.68609226395802,40.98727777777778
2025-12-17 21:37:22.141212,1765978642,137027484,base_frame,-30.682037353515625,-1.7454663515090942,-76.64642333984375,1765978642,133447612,,56.39165483298454,14.845505369596424,78.68467820014376,40.986888888888885
2025-12-17 21:37:22.162154,1765978642,156992987,base_frame,-30.68138885498047,-1.7454729080200195,-76.59451293945312,1765978642,153819308,,56.39165483298454,14.845505369596424,78.68467820014376,40.986888888888885
2025-12-17 21:37:22.183133,1765978642,177018774,base_frame,-30.68138885498047,-1.7454729080200195,-76.59451293945312,1765978642,174194148,,56.39165483298454,14.845505369596424,78.68467820014376,40.986888888888885
2025-12-17 21:37:22.204172,1765978642,197022079,base_frame,-30.662601470947266,-1.734621286392212,-76.59516143798828,1765978642,194595038,,56.391735590870205,14.843927214020873,78.68306211352925,40.986444444444444
2025-12-17 21:37:22.225446,1765978642,217019556,base_frame,-30.662601470947266,-1.734621286392212,-76.59516143798828,1765978642,225180622,,56.391735590870205,14.843927214020873,78.68306211352925,40.986444444444444
2025-12-17 21:37:22.246421,1765978642,237032999,base_frame,-30.643346786499023,-1.7456578016281128,-76.59485626220703,1765978642,245572919,,56.39179615863387,14.842743601060214,78.68185003898941,40.986111111111114
2025-12-17 21:37:22.267376,1765978642,267034710,base_frame,-30.643346786499023,-1.7456578016281128,-76.59485626220703,1765978642,265965600,,56.39179615863387,14.842743601060214,78.68185003898941,40.986111111111114
2025-12-17 21:37:22.288332,1765978642,287004924,base_frame,-30.66276741027832,-1.735138177871704,-76.54307556152344,1765978642,286356587,,56.3918567258399,14.841559991289813,78.68063795623902,40.985777777777784
2025-12-17 21:37:22.309270,1765978642,306998089,base_frame,-30.643692016601562,-1.723414421081543,-76.49064636230469,1765978642,306755091,,56.3918567258399,14.841559991289813,78.68063795623902,40.985777777777784
2025-12-17 21:37:22.330177,1765978642,327023204,base_frame,-30.643043518066406,-1.7234209775924683,-76.43873596191406,1765978642,327158025,,56.3918567258399,14.841559991289813,78.68063795623902,40.985777777777784
2025-12-17 21:37:22.351089,1765978642,347096248,base_frame,-30.64333152770996,-1.7242931127548218,-76.49181365966797,1765978642,347545492,,56.39191729248829,14.840376384710325,78.67942586527803,40.98544444444444
2025-12-17 21:37:22.372145,1765978642,366998793,base_frame,-30.64320945739746,-1.7239378690719604,-76.38665008544922,1765978642,367923460,,56.39191729248829,14.840376384710325,78.67942586527803,40.98544444444444
2025-12-17 21:37:22.393068,1765978642,387031192,base_frame,-30.64320945739746,-1.7239378690719604,-76.38665008544922,1765978642,388351103,,56.39196776426931,14.83939004833185,78.67841578320497,40.985166666666665
2025-12-17 21:37:22.413980,1765978642,407003530,base_frame,-30.64320945739746,-1.7239378690719604,-76.38665008544922,1765978642,408748020,,56.39196776426931,14.83939004833185,78.67841578320497,40.985166666666665
2025-12-17 21:37:22.434899,1765978642,426998995,base_frame,-30.605165481567383,-1.7241228818893433,-76.38699340820312,1765978642,429109624,,56.392028329895375,14.838206447604009,78.67720367719093,40.984833333333334
2025-12-17 21:37:22.455868,1765978642,446990505,base_frame,-30.623950958251953,-1.7133070230484009,-76.38606262207031,1765978642,449474368,,56.392028329895375,14.838206447604009,78.67720367719093,40.984833333333334
2025-12-17 21:37:22.476804,1765978642,467002938,base_frame,-30.604877471923828,-1.7232506275177002,-76.33391571044922,1765978642,469841713,,56.392028329895375,14.838206447604009,78.67720367719093,40.984833333333334
2025-12-17 21:37:22.497755,1765978642,496990384,base_frame,-30.604875564575195,-1.7015831470489502,-76.33362579345703,1765978642,490200980,,56.392088894963806,14.837022850068735,78.67599156296586,40.9845
2025-12-17 21:37:22.518722,1765978642,516991538,base_frame,-30.604393005371094,-1.7021065950393677,-76.2296371459961,1765978642,510568251,,56.392088894963806,14.837022850068735,78.67599156296586,40.9845
2025-12-17 21:37:22.539625,1765978642,536990927,base_frame,-30.604393005371094,-1.7021065950393677,-76.2296371459961,1765978642,530901567,,56.39214945947461,14.835839255726903,78.6747794405299,40.98416666666667
2025-12-17 21:37:22.560529,1765978642,556991486,base_frame,-30.604393005371094,-1.7021065950393677,-76.2296371459961,1765978642,551266755,,56.39214945947461,14.835839255726903,78.6747794405299,40.98416666666667
2025-12-17 21:37:22.581472,1765978642,576999153,base_frame,-30.604394912719727,-1.7237740755081177,-76.22991943359375,1765978642,571688446,,56.39214945947461,14.835839255726903,78.6747794405299,40.98416666666667
2025-12-17 21:37:22.602670,1765978642,597036200,base_frame,-30.604393005371094,-1.7021065950393677,-76.2296371459961,1765978642,602278913,,56.392210023427786,14.83465566457911,78.67356730988291,40.98383333333334
2025-12-17 21:37:22.623566,1765978642,617001353,base_frame,-30.585769653320312,-1.6917719841003418,-76.1781997680664,1765978642,622670162,,56.392210023427786,14.83465566457911,78.67356730988291,40.98383333333334
2025-12-17 21:37:22.644460,1765978642,637001659,base_frame,-30.585769653320312,-1.6917719841003418,-76.1781997680664,1765978642,643032932,,56.392280680668385,14.833274812277573,78.67215314708329,40.983444444444444
2025-12-17 21:37:22.665362,1765978642,656998532,base_frame,-30.585481643676758,-1.6908997297286987,-76.1251220703125,1765978642,663432515,,56.392280680668385,14.833274812277573,78.67215314708329,40.983444444444444
2025-12-17 21:37:22.686259,1765978642,677035773,base_frame,-30.584835052490234,-1.690906286239624,-76.07321166992188,1765978642,683824092,,56.39233114966126,14.832288491867729,78.6711430239551,40.98316666666666
2025-12-17 21:37:22.707273,1765978642,707000012,base_frame,-30.585124969482422,-1.713446021080017,-76.12657165527344,1765978642,704216528,,56.39233114966126,14.832288491867729,78.6711430239551,40.98316666666666
2025-12-17 21:37:22.728188,1765978642,727019127,base_frame,-30.603790283203125,-1.7239423990249634,-76.0207748413086,1765978642,724600405,,56.39233114966126,14.832288491867729,78.6711430239551,40.98316666666666
2025-12-17 21:37:22.749085,1765978642,747032827,base_frame,-30.584999084472656,-1.6914232969284058,-76.02112579345703,1765978642,744990808,,56.392401805600734,14.830907647022762,78.66972884199583,40.98277777777778
2025-12-17 21:37:22.770022,1765978642,766998481,base_frame,-30.60425567626953,-1.6803867816925049,-76.02143096923828,1765978642,765368532,,56.392401805600734,14.830907647022762,78.66972884199583,40.98277777777778
2025-12-17 21:37:22.790975,1765978642,786991344,base_frame,-30.584999084472656,-1.6914232969284058,-76.02112579345703,1765978642,785740928,,56.39247246078122,14.829526806528932,78.66831464885999,40.98238888888889
2025-12-17 21:37:22.811966,1765978642,807003573,base_frame,-30.585002899169922,-1.7130907773971558,-76.02141571044922,1765978642,806142185,,56.39247246078122,14.829526806528932,78.66831464885999,40.98238888888889
2025-12-17 21:37:22.832877,1765978642,826999441,base_frame,-30.54631233215332,-1.7132822275161743,-75.9698486328125,1765978642,826543122,,56.39247246078122,14.829526806528932,78.66831464885999,40.98238888888889
2025-12-17 21:37:22.853809,1765978642,847036825,base_frame,-30.54631233215332,-1.7132822275161743,-75.9698486328125,1765978642,846933737,,56.39255320862957,14.827948708436317,78.66669841444721,40.981944444444444
2025-12-17 21:37:22.874739,1765978642,867031231,base_frame,-30.54631233215332,-1.7132822275161743,-75.9698486328125,1765978642,867329963,,56.39255320862957,14.827948708436317,78.66669841444721,40.981944444444444
2025-12-17 21:37:22.895666,1765978642,886999184,base_frame,-30.56572914123535,-1.6810951232910156,-75.91777801513672,1765978642,887697634,,56.39264404877403,14.826173354878435,78.66488013328296,40.98144444444444
2025-12-17 21:37:22.916594,1765978642,907029907,base_frame,-30.546478271484375,-1.713799238204956,-75.91777038574219,1765978642,908067335,,56.39264404877403,14.826173354878435,78.66488013328296,40.98144444444444
2025-12-17 21:37:22.937564,1765978642,937001390,base_frame,-30.564977645874023,-1.7237786054611206,-75.86404418945312,1765978642,928430708,,56.39264404877403,14.826173354878435,78.66488013328296,40.98144444444444
2025-12-17 21:37:22.958497,1765978642,956998570,base_frame,-30.564973831176758,-1.7021111249923706,-75.86375427246094,1765978642,948762501,,56.392765167014986,14.823806227999171,78.66245572965616,40.980777777777774
2025-12-17 21:37:22.979757,1765978642,977019147,base_frame,-30.546640396118164,-1.6926486492156982,-75.86540222167969,1765978642,979349891,,56.392765167014986,14.823806227999171,78.66245572965616,40.980777777777774
2025-12-17 21:37:23.000781,1765978642,997001525,base_frame,-30.54635238647461,-1.6917765140533447,-75.81231689453125,1765978642,999722361,,56.392906468810416,14.821044596154394,78.65962721724227,40.98
2025-12-17 21:37:23.021755,1765978643,17027792,base_frame,-30.565608978271484,-1.7024073600769043,-75.81291198730469,1765978643,20060258,,56.392906468810416,14.821044596154394,78.65962721724227,40.98
2025-12-17 21:37:23.042773,1765978643,36999035,base_frame,-30.546354293823242,-1.7134438753128052,-75.81260681152344,1765978643,40464973,,56.39318906329377,14.815521384772616,78.65397005828089,40.978444444444435
2025-12-17 21:37:23.063739,1765978643,57024545,base_frame,-30.545541763305664,-1.7129335403442383,-75.81278228759766,1765978643,60794082,,56.39318906329377,14.815521384772616,78.65397005828089,40.978444444444435
2025-12-17 21:37:23.084641,1765978643,77020357,base_frame,-30.54570770263672,-1.7134504318237305,-75.76069641113281,1765978643,81659673,,56.394248684457295,14.794809964271408,78.63275411920498,40.97261111111111
2025-12-17 21:37:23.105527,1765978643,97019794,base_frame,-30.545995712280273,-1.7143226861953735,-75.81378173828125,1765978643,102031052,,56.394248684457295,14.794809964271408,78.63275411920498,40.97261111111111
2025-12-17 21:37:23.126457,1765978643,116990520,base_frame,-30.565250396728516,-1.7032861709594727,-75.81407928466797,1765978643,122399032,,56.394248684457295,14.794809964271408,78.63275411920498,40.97261111111111
2025-12-17 21:37:23.147425,1765978643,147031407,base_frame,-30.565265655517578,-1.7246508598327637,-75.91712188720703,1765978643,142833962,,56.395126526923,14.777649819038068,78.61517329260246,40.96777777777777
2025-12-17 21:37:23.168386,1765978643,166997270,base_frame,-30.584232330322266,-1.7127420902252197,-75.86434936523438,1765978643,163235910,,56.395126526923,14.777649819038068,78.61517329260246,40.96777777777777
2025-12-17 21:37:23.189385,1765978643,187004736,base_frame,-30.583871841430664,-1.7136207818984985,-75.86551666259766,1765978643,183646024,,56.39573186722118,14.765815631146161,78.60304757823215,40.964444444444446
2025-12-17 21:37:23.210323,1765978643,207003387,base_frame,-30.583871841430664,-1.7136207818984985,-75.86551666259766,1765978643,204044281,,56.39573186722118,14.765815631146161,78.60304757823215,40.964444444444446
2025-12-17 21:37:23.231249,1765978643,227027751,base_frame,-30.58403778076172,-1.7141377925872803,-75.81343841552734,1765978643,224441651,,56.39573186722118,14.765815631146161,78.60304757823215,40.964444444444446
2025-12-17 21:37:23.252250,1765978643,247020460,base_frame,-30.584686279296875,-1.714131236076355,-75.86534881591797,1765978643,244795892,,56.39615557225729,14.75753189189583,78.59455908931079,40.96211111111111
2025-12-17 21:37:23.273176,1765978643,267004385,base_frame,-30.5654296875,-1.7251677513122559,-75.86504364013672,1765978643,265187937,,56.39615557225729,14.75753189189583,78.59455908931079,40.96211111111111
2025-12-17 21:37:23.294109,1765978643,286990610,base_frame,-30.58439826965332,-1.713258981704712,-75.81226348876953,1765978643,285581493,,56.39650863891951,14.750628896994016,78.58748504098182,40.960166666666666
2025-12-17 21:37:23.315038,1765978643,306999630,base_frame,-30.583749771118164,-1.7132655382156372,-75.76036071777344,1765978643,305951294,,56.39650863891951,14.750628896994016,78.58748504098182,40.960166666666666
2025-12-17 21:37:23.335974,1765978643,326998267,base_frame,-30.58403778076172,-1.7141377925872803,-75.81343841552734,1765978643,326319159,,56.39650863891951,14.750628896994016,78.58748504098182,40.960166666666666
2025-12-17 21:37:23.356977,1765978643,346998338,base_frame,-30.583749771118164,-1.7132655382156372,-75.76036071777344,1765978643,346744421,,56.39685159979766,14.743923236100791,78.58061284056987,40.95827777777778
2025-12-17 21:37:23.378144,1765978643,376990893,base_frame,-30.603187561035156,-1.7457780838012695,-75.8119125366211,1765978643,377340671,,56.39685159979766,14.743923236100791,78.58061284056987,40.95827777777778
2025-12-17 21:37:23.399105,1765978643,396990843,base_frame,-30.584686279296875,-1.714131236076355,-75.86534881591797,1765978643,397756432,,56.397456781207055,14.732089971070408,78.56848478433415,40.95494444444444
2025-12-17 21:37:23.420043,1765978643,416999574,base_frame,-30.60347557067871,-1.7466503381729126,-75.864990234375,1765978643,418145068,,56.397456781207055,14.732089971070408,78.56848478433415,40.95494444444444
2025-12-17 21:37:23.440948,1765978643,436999680,base_frame,-30.60347557067871,-1.7466503381729126,-75.864990234375,1765978643,438547102,,56.39932240629216,14.695606119647167,78.53108477006708,40.94466666666666
2025-12-17 21:37:23.461851,1765978643,456998882,base_frame,-30.641803741455078,-1.7256700992584229,-75.91744232177734,1765978643,458939229,,56.39932240629216,14.695606119647167,78.53108477006708,40.94466666666666
2025-12-17 21:37:23.482752,1765978643,477028747,base_frame,-30.641637802124023,-1.7251532077789307,-75.96952056884766,1765978643,479333390,,56.39932240629216,14.695606119647167,78.53108477006708,40.94466666666666
2025-12-17 21:37:23.503765,1765978643,497028732,base_frame,-30.62272834777832,-1.7139463424682617,-75.86500549316406,1765978643,499732589,,56.399997934390285,14.682393815064302,78.51753797223697,40.94094444444444
2025-12-17 21:37:23.524702,1765978643,517016293,base_frame,-30.62272834777832,-1.7139463424682617,-75.86500549316406,1765978643,520125625,,56.399997934390285,14.682393815064302,78.51753797223697,40.94094444444444
2025-12-17 21:37:23.545640,1765978643,536993623,base_frame,-30.62208366394043,-1.7356202602386475,-75.81338500976562,1765978643,540561542,,56.40041128297638,14.674308874974706,78.50924763505637,40.93866666666666
2025-12-17 21:37:23.566576,1765978643,556990338,base_frame,-30.641517639160156,-1.7464654445648193,-75.86465454101562,1765978643,560963777,,56.40041128297638,14.674308874974706,78.50924763505637,40.93866666666666
2025-12-17 21:37:23.587562,1765978643,586987477,base_frame,-30.641515731811523,-1.7247979640960693,-75.86436462402344,1765978643,581451124,,56.40041128297638,14.674308874974706,78.50924763505637,40.93866666666666
2025-12-17 21:37:23.608501,1765978643,607021637,base_frame,-30.622079849243164,-1.713952898979187,-75.81310272216797,1765978643,601848831,,56.40074395927524,14.66780159547995,78.50257464574605,40.936833333333325
2025-12-17 21:37:23.629427,1765978643,626990630,base_frame,-30.622892379760742,-1.714463233947754,-75.81292724609375,1765978643,622276946,,56.40074395927524,14.66780159547995,78.50257464574605,40.936833333333325
2025-12-17 21:37:23.650354,1765978643,647004710,base_frame,-30.641681671142578,-1.725314974784851,-75.81228637695312,1765978643,642697095,,56.40105645801546,14.661688787097326,78.49630585342669,40.93511111111111
2025-12-17 21:37:23.671285,1765978643,667019664,base_frame,-30.641681671142578,-1.725314974784851,-75.81228637695312,1765978643,663090652,,56.40105645801546,14.661688787097326,78.49630585342669,40.93511111111111
2025-12-17 21:37:23.692213,1765978643,686990038,base_frame,-30.622892379760742,-1.714463233947754,-75.81292724609375,1765978643,683532293,,56.40105645801546,14.661688787097326,78.49630585342669,40.93511111111111
2025-12-17 21:37:23.713179,1765978643,707030385,base_frame,-30.64168357849121,-1.7469823360443115,-75.81257629394531,1765978643,703882656,,56.40143950069005,14.654195786928938,78.48862122786673,40.93300000000001
2025-12-17 21:37:23.734152,1765978643,726998710,base_frame,-30.62242889404297,-1.758018970489502,-75.81227111816406,1765978643,724246168,,56.40143950069005,14.654195786928938,78.48862122786673,40.93300000000001
2025-12-17 21:37:23.755116,1765978643,747027494,base_frame,-30.660306930541992,-1.757317066192627,-75.864013671875,1765978643,754787234,,56.402961370402174,14.624422277394522,78.45808169239729,40.92461111111111
2025-12-17 21:37:23.776064,1765978643,766991989,base_frame,-30.641517639160156,-1.7464654445648193,-75.86465454101562,1765978643,775190261,,56.402961370402174,14.624422277394522,78.45808169239729,40.92461111111111
2025-12-17 21:37:23.797035,1765978643,786990208,base_frame,-30.67955780029297,-1.724613070487976,-75.86402130126953,1765978643,795563673,,56.40399926445546,14.604114396622244,78.43724709953986,40.91888888888889
2025-12-17 21:37:23.817986,1765978643,817028173,base_frame,-30.660303115844727,-1.735649585723877,-75.86372375488281,1765978643,815957419,,56.40399926445546,14.604114396622244,78.43724709953986,40.91888888888889
2025-12-17 21:37:23.838928,1765978643,837004373,base_frame,-30.660306930541992,-1.757317066192627,-75.864013671875,1765978643,836350947,,56.40442243625303,14.595833793878661,78.42875074436907,40.916555555555554
2025-12-17 21:37:23.859858,1765978643,857027247,base_frame,-30.679094314575195,-1.7681686878204346,-75.86336517333984,1765978643,856750656,,56.40442243625303,14.595833793878661,78.42875074436907,40.916555555555554
2025-12-17 21:37:23.880920,1765978643,877045315,base_frame,-30.679561614990234,-1.746280550956726,-75.86431121826172,1765978643,877174951,,56.40442243625303,14.595833793878661,78.42875074436907,40.916555555555554
2025-12-17 21:37:23.901845,1765978643,897028367,base_frame,-30.679367065429688,-1.747676134109497,-75.81340026855469,1765978643,897569426,,56.40467431126362,14.590904941014472,78.42369319866722,40.915166666666664
2025-12-17 21:37:23.922776,1765978643,917028125,base_frame,-30.679075241088867,-1.7251365184783936,-75.76004028320312,1765978643,917965928,,56.40467431126362,14.590904941014472,78.42369319866722,40.915166666666664
2025-12-17 21:37:23.943710,1765978643,936990508,base_frame,-30.679075241088867,-1.7251365184783936,-75.76004028320312,1765978643,938356445,,56.404835506193166,14.58775050549852,78.42045629444115,40.91427777777778
2025-12-17 21:37:23.964614,1765978643,957029155,base_frame,-30.679075241088867,-1.7251365184783936,-75.76004028320312,1765978643,958729888,,56.404835506193166,14.58775050549852,78.42045629444115,40.91427777777778
2025-12-17 21:37:23.985582,1765978643,976997882,base_frame,-30.679075241088867,-1.7251365184783936,-75.76004028320312,1765978643,979122044,,56.404835506193166,14.58775050549852,78.42045629444115,40.91427777777778
2025-12-17 21:37:24.006561,1765978643,997019909,base_frame,-30.679075241088867,-1.7251365184783936,-75.76004028320312,1765978643,999546997,,56.404956399789825,14.585384694398691,78.41802857786752,40.91361111111111
2025-12-17 21:37:24.027521,1765978644,27016380,base_frame,-30.641199111938477,-1.7258384227752686,-75.70829772949219,1765978644,19916082,,56.404956399789825,14.585384694398691,78.41802857786752,40.91361111111111
2025-12-17 21:37:24.048442,1765978644,46994737,base_frame,-30.622121810913086,-1.7141145467758179,-75.6558609008789,1765978644,40322378,,56.405057142751,14.583413195326202,78.4160054555768,40.91305555555556
2025-12-17 21:37:24.069378,1765978644,67023871,base_frame,-30.64055061340332,-1.7258449792861938,-75.65638732910156,1765978644,60721453,,56.405057142751,14.583413195326202,78.4160054555768,40.91305555555556
2025-12-17 21:37:24.090307,1765978644,86994075,base_frame,-30.641199111938477,-1.7258384227752686,-75.70829772949219,1765978644,81111801,,56.405057142751,14.583413195326202,78.4160054555768,40.91305555555556
2025-12-17 21:37:24.111272,1765978644,106993732,base_frame,-30.640911102294922,-1.7249661684036255,-75.65522003173828,1765978644,101510953,,56.40514781009261,14.5816388540741,78.41418462596937,40.91255555555556
2025-12-17 21:37:24.132405,1765978644,127034921,base_frame,-30.660167694091797,-1.7355971336364746,-75.65580749511719,1765978644,132070682,,56.40514781009261,14.5816388540741,78.41418462596937,40.91255555555556
2025-12-17 21:37:24.153340,1765978644,147003017,base_frame,-30.660329818725586,-1.7144466638565063,-75.60343933105469,1765978644,152469825,,56.405228402232574,14.580061668145198,78.41256609521722,40.912111111111116
2025-12-17 21:37:24.174277,1765978644,167005980,base_frame,-30.64042854309082,-1.7254897356033325,-75.55122375488281,1765978644,172856450,,56.405228402232574,14.580061668145198,78.41256609521722,40.912111111111116
2025-12-17 21:37:24.195251,1765978644,186996068,base_frame,-30.64042854309082,-1.7254897356033325,-75.55122375488281,1765978644,193255833,,56.405278771816995,14.579075929949326,78.41155450606738,40.91183333333333
2025-12-17 21:37:24.216187,1765978644,206990921,base_frame,-30.621639251708984,-1.714638113975525,-75.55187225341797,1765978644,213653006,,56.405278771816995,14.579075929949326,78.41155450606738,40.91183333333333
2025-12-17 21:37:24.237360,1765978644,236988482,base_frame,-30.621639251708984,-1.714638113975525,-75.55187225341797,1765978644,234046552,,56.405278771816995,14.579075929949326,78.41155450606738,40.91183333333333
2025-12-17 21:37:24.258298,1765978644,257003907,base_frame,-30.62164306640625,-1.7363054752349854,-75.55215454101562,1765978644,254439805,,56.40533921480749,14.57789304717064,78.41034059154322,40.9115
2025-12-17 21:37:24.279230,1765978644,277021212,base_frame,-30.62164306640625,-1.7363054752349854,-75.55215454101562,1765978644,274836276,,56.40533921480749,14.57789304717064,78.41034059154322,40.9115
2025-12-17 21:37:24.300171,1765978644,297040313,base_frame,-30.62164306640625,-1.7363054752349854,-75.55215454101562,1765978644,295233515,,56.405379509824925,14.577104460504223,78.40953131062145,40.91127777777777
2025-12-17 21:37:24.321106,1765978644,317028232,base_frame,-30.62180519104004,-1.715155005455017,-75.49978637695312,1765978644,315629633,,56.405379509824925,14.577104460504223,78.40953131062145,40.91127777777777
2025-12-17 21:37:24.342039,1765978644,336997371,base_frame,-30.621156692504883,-1.7151615619659424,-75.4478759765625,1765978644,336021797,,56.405379509824925,14.577104460504223,78.40953131062145,40.91127777777777
2025-12-17 21:37:24.362975,1765978644,356991354,base_frame,-30.620868682861328,-1.7142894268035889,-75.3947982788086,1765978644,356409314,,56.40542987824842,14.57611872925596,78.40851970432547,40.911
2025-12-17 21:37:24.383973,1765978644,376998590,base_frame,-30.620868682861328,-1.7142894268035889,-75.3947982788086,1765978644,376832887,,56.40542987824842,14.57611872925596,78.40851970432547,40.911
2025-12-17 21:37:24.404908,1765978644,396990131,base_frame,-30.582992553710938,-1.7149913311004639,-75.34306335449219,1765978644,397415935,,56.40547017270862,14.575330145925129,78.40771041517334,40.91077777777778
2025-12-17 21:37:24.425860,1765978644,417021482,base_frame,-30.60224723815918,-1.7039546966552734,-75.3433609008789,1765978644,417808234,,56.40547017270862,14.575330145925129,78.40771041517334,40.91077777777778
2025-12-17 21:37:24.446825,1765978644,437000583,base_frame,-30.60224723815918,-1.7039546966552734,-75.3433609008789,1765978644,438174328,,56.405500393391236,14.574738709400222,78.40710344590886,40.91061111111111
2025-12-17 21:37:24.467773,1765978644,467029274,base_frame,-30.60224723815918,-1.7039546966552734,-75.3433609008789,1765978644,458570156,,56.405500393391236,14.574738709400222,78.40710344590886,40.91061111111111
2025-12-17 21:37:24.488673,1765978644,487049517,base_frame,-30.60224723815918,-1.7039546966552734,-75.3433609008789,1765978644,478938913,,56.405500393391236,14.574738709400222,78.40710344590886,40.91061111111111
2025-12-17 21:37:24.510029,1765978644,507033582,base_frame,-30.60224723815918,-1.7039546966552734,-75.3433609008789,1765978644,509591514,,56.40554068741802,14.573950128664471,78.40629415035534,40.91038888888888
2025-12-17 21:37:24.531010,1765978644,527029736,base_frame,-30.60224723815918,-1.7039546966552734,-75.3433609008789,1765978644,529926470,,56.40554068741802,14.573950128664471,78.40629415035534,40.91038888888888
2025-12-17 21:37:24.551913,1765978644,546990689,base_frame,-30.583459854125977,-1.6931030750274658,-75.34400939941406,1765978644,550296212,,56.40557090777558,14.57335869408601,78.40568717628972,40.910222222222224
2025-12-17 21:37:24.572812,1765978644,567036448,base_frame,-30.583171844482422,-1.6922308206558228,-75.29092407226562,1765978644,570672561,,56.40557090777558,14.57335869408601,78.40568717628972,40.910222222222224
2025-12-17 21:37:24.593781,1765978644,587029236,base_frame,-30.583171844482422,-1.6922308206558228,-75.29092407226562,1765978644,591063496,,56.40559105460323,14.572964404830728,78.40528252576962,40.91011111111111
